season,season_type,game_type,team,week,gsis_id,position,full_name,first_name,last_name,report_primary_injury,report_secondary_injury,report_status,practice_primary_injury,practice_secondary_injury,practice_status
2026,REG,REG,ARI,1,00-0034381,LB,Josh Sweat,Josh,Sweat,NA,NA,NA,Not injury related - resting player,Knee,Full Participation in Practice
2026,REG,REG,ARI,1,00-0035859,P,Blake Gillikin,Blake,Gillikin,NA,NA,NA,Groin,NA,Full Participation in Practice
2026,REG,REG,ARI,1,00-0039007,CB,Garrett Williams,Garrett,Williams,Achilles,NA,Out,Achilles,NA,Limited Participation in Practice
2026,REG,REG,ARI,1,00-0039808,G,Isaiah Adams,Isaiah,Adams,Knee,NA,Out,Knee,NA,Did Not Participate In Practice
2026,REG,REG,ARI,1,00-0039864,S,Dadrion Taylor-Demerson,Dadrion,Taylor-Demerson,Ribs,NA,Out,Ribs,NA,Did Not Participate In Practice
2026,REG,REG,ARI,1,00-0040751,CB,Will Johnson,William,Johnson,NA,NA,NA,Ankle,NA,Full Participation in Practice
2026,REG,REG,ARI,1,00-0041027,RB,Jeremiyah Love,Jeremiyah,Love,Ankle,NA,Questionable,Ankle,NA,Limited Participation in Practice
2026,REG,REG,ATL,1,00-0031279,T,Jake Matthews,Jacob,Matthews,NA,NA,NA,Not injury related - resting player,NA,Did Not Participate In Practice
2026,REG,REG,ATL,1,00-0031576,DE,Za'Darius Smith,Za'Darius,Smith,Shoulder,NA,Questionable,Shoulder,NA,Full Participation in Practice
2026,REG,REG,ATL,1,00-0034371,DT,Da'Shawn Hand,Da'Shawn,Hand,NA,NA,NA,Knee,NA,Full Participation in Practice
2026,REG,REG,ATL,1,00-0035237,T,Jawaan Taylor,Jawaan,Taylor,NA,NA,NA,Knee,NA,Full Participation in Practice
2026,REG,REG,ATL,1,00-0036212,QB,Tua Tagovailoa,Tuanigamanuolepola,Tagovailoa,Oblique,NA,Out,Oblique,NA,Did Not Participate In Practice
2026,REG,REG,ATL,1,00-0036354,G,Kyle Hinton,Kyle,Hinton,NA,NA,NA,Knee,NA,Full Participation in Practice
2026,REG,REG,ATL,1,00-0039859,DT,Brandon Dorlus,Brandon,Dorlus,NA,NA,NA,Groin,NA,Full Participation in Practice
2026,REG,REG,ATL,1,00-0039917,QB,Michael Penix Jr.,Michael,Penix,Knee,NA,Out,Knee,NA,Full Participation in Practice
2026,REG,REG,ATL,1,00-0040156,CB,Billy Bowman Jr.,Billy,Bowman,Achilles,NA,Out,Achilles,NA,Limited Participation in Practice
2026,REG,REG,ATL,1,00-0040687,T,Cameron Williams,Cameron,Williams,Ankle,NA,Out,Ankle,NA,Did Not Participate In Practice
2026,REG,REG,ATL,1,00-0041044,WR,Zachariah Branch,Zachariah,Branch,NA,NA,NA,Hamstring,NA,Full Participation in Practice
2026,REG,REG,ATL,1,00-0041066,LB,Kendal Daniels,Kendal,Daniels,NA,NA,NA,Achilles,NA,Full Participation in Practice
2026,REG,REG,BAL,1,00-0026190,DE,Calais Campbell,Calais,Campbell,NA,NA,NA,Not injury related - resting player,NA,Did Not Participate In Practice
2026,REG,REG,BAL,1,00-0036130,DT,Nnamdi Madubuike,Justin,Madubuike,Neck,NA,Out,Neck,NA,Limited Participation in Practice
2026,REG,REG,BAL,1,00-0039064,WR,Zay Flowers,Xavien,Flowers,NA,NA,NA,Hamstring,NA,Full Participation in Practice
2026,REG,REG,BAL,1,00-0039792,WR,Devontez Walker,Devontez,Walker,Groin,NA,Questionable,Groin,NA,Limited Participation in Practice
2026,REG,REG,BAL,1,00-0040069,LB,Teddye Buchanan,Teddye,Buchanan,Knee,NA,Out,Knee,NA,Limited Participation in Practice
2026,REG,REG,BUF,1,00-0035537,RB,Ty Johnson,Ty,Johnson,Hamstring,NA,Questionable,Hamstring,NA,Limited Participation in Practice
2026,REG,REG,BUF,1,00-0040192,CB,Jordan Hancock,Jordan,Hancock,Quadricep,NA,Questionable,Quadricep,NA,Full Participation in Practice
2026,REG,REG,BUF,1,00-0040724,DE,T.J. Sanders,Tanaeri,Sanders,Knee,NA,Questionable,Knee,NA,Limited Participation in Practice
2026,REG,REG,CAR,1,00-0036903,DT,Bobby Brown III,Bobby,Brown,NA,NA,NA,Back,NA,Full Participation in Practice
2026,REG,REG,CAR,1,00-0037007,LB,Patrick Jones II,Patrick,Jones,Back,NA,Out,Back,NA,Did Not Participate In Practice
2026,REG,REG,CAR,1,00-0039344,RB,Jonathon Brooks,Jonathon,Brooks,NA,NA,NA,Groin,NA,Full Participation in Practice
2026,REG,REG,CHI,1,00-0031583,DT,Grady Jarrett,Grady,Jarrett,NA,NA,NA,Not injury related - resting player,NA,Full Participation in Practice
2026,REG,REG,CHI,1,00-0032391,G,Joe Thuney,Joseph,Thuney,NA,NA,NA,Not injury related - resting player,NA,Full Participation in Practice
2026,REG,REG,CHI,1,00-0033579,S,Xavier Woods,Xavier,Woods,Groin,NA,Questionable,Groin,NA,Limited Participation in Practice
2026,REG,REG,CHI,1,00-0038416,QB,Tyson Bagent,Tyson,Bagent,Back,NA,Questionable,Back,NA,Did Not Participate In Practice
2026,REG,REG,CHI,1,00-0039919,WR,Rome Odunze,Rome,Odunze,Calf,NA,Questionable,Calf,NA,Limited Participation in Practice
2026,REG,REG,CHI,1,00-0040740,T,Ozzy Trapilo,Ozzy,Trapilo,Knee,NA,Questionable,Knee,NA,Limited Participation in Practice
2026,REG,REG,CIN,1,00-0033523,DT,Jonathan Allen,Jonathan,Allen,NA,NA,NA,Not injury related - resting player,NA,Full Participation in Practice
2026,REG,REG,CIN,1,00-0034800,DT,B.J. Hill,Bobby,Hill,NA,NA,NA,Not injury related - resting player,NA,Full Participation in Practice
2026,REG,REG,CIN,1,00-0035683,DT,Dexter Lawrence,Dexter,Lawrence,NA,NA,NA,Not injury related - resting player,NA,Did Not Participate In Practice
2026,REG,REG,CIN,1,00-0036410,WR,Tee Higgins,Tamurice,Higgins,NA,NA,NA,Foot,NA,Full Participation in Practice
2026,REG,REG,CIN,1,00-0036900,WR,Ja'Marr Chase,Ja'Marr,Chase,NA,NA,NA,Knee,Not injury related - resting player,Did Not Participate In Practice
2026,REG,REG,CIN,1,00-0038549,CB,DJ Turner II,DJ,Turner,NA,NA,NA,Hamstring,NA,Limited Participation in Practice
2026,REG,REG,CIN,1,00-0040756,DE,Shemar Stewart,Shemar,Stewart,Knee,NA,Doubtful,Knee,NA,Did Not Participate In Practice
2026,REG,REG,CLE,1,00-0033131,DT,Maliek Collins,Maliek,Collins,NA,NA,NA,Quadricep,NA,Limited Participation in Practice
2026,REG,REG,CLE,1,00-0036953,G,Teven Jenkins,Teven,Jenkins,Back,NA,Out,Back,NA,Did Not Participate In Practice
2026,REG,REG,CLE,1,00-0040579,LB,Carson Schwesinger,Carson,Schwesinger,NA,NA,NA,Shoulder,NA,Full Participation in Practice
2026,REG,REG,CLE,1,00-0041073,C,Parker Brailsford,Parker,Brailsford,Thumb,NA,Questionable,Thumb,NA,Limited Participation in Practice
2026,REG,REG,DAL,1,00-0033093,DT,Jonathan Bullard,Jonathan,Bullard,NA,NA,NA,Groin,NA,Full Participation in Practice
2026,REG,REG,DAL,1,00-0037563,RB,Malik Davis,Malik,Davis,Hip,NA,Out,Hip,NA,Limited Participation in Practice
2026,REG,REG,DAL,1,00-0038547,TE,Luke Schoonmaker,Luke,Schoonmaker,NA,NA,NA,Not injury related - personal matter,NA,Did Not Participate In Practice
2026,REG,REG,DAL,1,00-0040017,T,Ajani Cornelius,Ajani,Cornelius,NA,NA,NA,Knee,NA,Full Participation in Practice
2026,REG,REG,DEN,1,00-0038976,WR,Marvin Mims Jr.,Marvin,Mims,NA,NA,NA,Foot,NA,Full Participation in Practice
2026,REG,REG,DET,1,00-0038660,LB,Trevor Nowaske,Trevor,Nowaske,NA,NA,NA,Knee,NA,Full Participation in Practice
2026,REG,REG,DET,1,00-0038820,S,Christian Izien,Christian,Izien,Groin,NA,Questionable,Groin,NA,Limited Participation in Practice
2026,REG,REG,DET,1,00-0039396,DT,Mekhi Wingo,Mekhi,Wingo,NA,NA,NA,Groin,NA,Full Participation in Practice
2026,REG,REG,DET,1,00-0039660,S,Thomas Harper,Thomas,Harper,NA,NA,NA,Ankle,NA,Full Participation in Practice
2026,REG,REG,DET,1,00-0039862,CB,Ennis Rakestraw Jr.,Ennis,Rakestraw,NA,NA,NA,Ankle,NA,Full Participation in Practice
2026,REG,REG,DET,1,00-0041441,DE,Derrick Moore,Derrick,Moore,NA,NA,NA,Hamstring,NA,Full Participation in Practice
2026,REG,REG,DET,1,00-0041442,LB,Jimmy Rolder,James,Rolder,NA,NA,NA,Hamstring,NA,Full Participation in Practice
2026,REG,REG,DET,1,00-0041445,CB,Keith Abney II,Keith,Abney,NA,NA,NA,Hand,NA,Full Participation in Practice
2026,REG,REG,GB,1,00-0033109,DT,Javon Hargrave,Javon,Hargrave,NA,NA,NA,Knee,NA,Limited Participation in Practice
2026,REG,REG,GB,1,00-0036551,G,Aaron Banks,Aaron,Banks,Knee,NA,Questionable,Knee,NA,Limited Participation in Practice
2026,REG,REG,GB,1,00-0037075,DT,Devonte Wyatt,Devonte,Wyatt,NA,NA,NA,Ankle,NA,Limited Participation in Practice
2026,REG,REG,GB,1,00-0037817,T,Zach Bako-Bewele,Zach,Bako-Bewele,Knee,NA,Questionable,Knee,NA,Limited Participation in Practice
2026,REG,REG,GB,1,00-0039812,LB,Ty'Ron Hopper,Ty'Ron,Hopper,Achilles,NA,Questionable,Achilles,NA,Limited Participation in Practice
2026,REG,REG,GB,1,00-0039904,T,Jordan Morgan,Jordan,Morgan,NA,NA,NA,Knee,NA,Full Participation in Practice
2026,REG,REG,GB,1,00-0040010,LB,Barryn Sorrell,Barryn,Sorrell,NA,NA,NA,Foot,NA,Limited Participation in Practice
2026,REG,REG,GB,1,00-0040016,DT,Warren Brinson,Warren,Brinson,Calf,NA,Out,Calf,NA,Did Not Participate In Practice
2026,REG,REG,HOU,1,00-0032071,T,Trent Brown,Trenton,Brown,NA,NA,NA,Wrist,NA,Full Participation in Practice
2026,REG,REG,HOU,1,00-0039108,DE,Will Anderson Jr.,William,Anderson,NA,NA,NA,Not injury related - resting player,NA,Did Not Participate In Practice
2026,REG,REG,HOU,1,00-0041440,DT,Kayden McDonald,Kayden,McDonald,NA,NA,NA,Ankle,NA,Did Not Participate In Practice
2026,REG,REG,HOU,1,00-0041465,LB,Wade Woodaz,Wade,Woodaz,NA,NA,NA,Thumb,NA,Full Participation in Practice
2026,REG,REG,IND,1,00-0032378,DT,DeForest Buckner,DeForest,Buckner,NA,NA,NA,Not injury related - resting player,NA,Did Not Participate In Practice
2026,REG,REG,IND,1,00-0033952,DT,Grover Stewart,Grover,Stewart,NA,NA,NA,Not injury related - resting player,NA,Full Participation in Practice
2026,REG,REG,IND,1,00-0034573,CB,Charvarius Ward,Charvarius,Ward,NA,NA,NA,Not injury related - resting player,NA,Limited Participation in Practice
2026,REG,REG,IND,1,00-0037292,TE,Andrew Ogletree,Andrew,Ogletree,NA,NA,NA,Neck,NA,Full Participation in Practice
2026,REG,REG,IND,1,00-0037664,WR,Alec Pierce,Alec,Pierce,NA,NA,NA,Heel,NA,Limited Participation in Practice
2026,REG,REG,IND,1,00-0039164,QB,Anthony Richardson,Anthony,Richardson,NA,NA,NA,Illness,NA,Full Participation in Practice
2026,REG,REG,IND,1,00-0039178,LB,Austin Ajiake,Austin,Ajiake,Hamstring,NA,Out,Hamstring,NA,Did Not Participate In Practice
2026,REG,REG,IND,1,00-0039876,C,Sedrick Van Pran-Granger,Sedrick,Van Pran-Granger,NA,NA,NA,Illness,NA,Full Participation in Practice
2026,REG,REG,IND,1,00-0041043,S,A.J. Haulcy,Adari,Haulcy,NA,NA,NA,Ankle,NA,Full Participation in Practice
2026,REG,REG,JAX,1,00-0034960,WR,Jakobi Meyers,Jakobi,Meyers,NA,NA,NA,Thumb,NA,Limited Participation in Practice
2026,REG,REG,JAX,1,00-0036655,T,Cole Van Lanen,Cole,Van Lanen,NA,NA,NA,Knee,NA,Limited Participation in Practice
2026,REG,REG,JAX,1,00-0038934,T,Anton Harrison,Anton,Harrison,NA,NA,NA,Foot,NA,Did Not Participate In Practice
2026,REG,REG,JAX,1,00-0040238,RB,LeQuint Allen Jr.,LeQuint,Allen,Hip,NA,Questionable,Hip,NA,Limited Participation in Practice
2026,REG,REG,KC,1,00-0032762,DT,Chris Jones,Christopher,Jones,NA,NA,NA,Calf,NA,Did Not Participate In Practice
2026,REG,REG,KC,1,00-0033873,QB,Patrick Mahomes,Patrick,Mahomes,NA,NA,NA,Knee,NA,Full Participation in Practice
2026,REG,REG,KC,1,00-0036374,CB,L'Jarius Sneed,L'Jarius,Sneed,NA,NA,NA,Knee,NA,Limited Participation in Practice
2026,REG,REG,KC,1,00-0036660,G,Trey Smith,Henry,Smith,NA,NA,NA,Hip,NA,Full Participation in Practice
2026,REG,REG,KC,1,00-0037208,LB,Jack Cochrane,Jack,Cochrane,NA,NA,NA,Knee,NA,Full Participation in Practice
2026,REG,REG,KC,1,00-0038982,S,Chamarri Conner,Chamarri,Conner,Knee,NA,Out,Knee,NA,Did Not Participate In Practice
2026,REG,REG,KC,1,00-0039067,WR,Rashee Rice,Rashee,Rice,NA,NA,NA,Knee,NA,Full Participation in Practice
2026,REG,REG,KC,1,00-0039894,WR,Xavier Worthy,Xavier,Worthy,NA,NA,NA,Shoulder,NA,Full Participation in Practice
2026,REG,REG,KC,1,00-0040116,T,Josh Simmons,Josh,Simmons,Back,NA,Out,Back,NA,Did Not Participate In Practice
2026,REG,REG,KC,1,00-0040640,DE,Ashton Gillotte,Ashton,Gillotte,NA,NA,NA,Foot,NA,Full Participation in Practice
2026,REG,REG,KC,1,00-0041501,DE,R Mason Thomas,R Mason,Thomas,NA,NA,NA,Hamstring,NA,Full Participation in Practice
2026,REG,REG,LA,1,00-0031388,DE,Aaron Donald,Aaron,Donald,Not injury related - resting player,NA,Out,Not injury related - resting player,NA,Did Not Participate In Practice
2026,REG,REG,LA,1,00-0033110,TE,Tyler Higbee,Tyler,Higbee,NA,NA,NA,Not injury related - resting player,NA,Full Participation in Practice
2026,REG,REG,LA,1,00-0033868,LB,Myles Garrett,Myles,Garrett,NA,NA,NA,Knee,NA,Full Participation in Practice
2026,REG,REG,LA,1,00-0036603,T,Alaric Jackson,Alaric,Jackson,NA,NA,NA,Not injury related - resting player,NA,Full Participation in Practice
2026,REG,REG,LA,1,00-0036672,LB,Grant Stuard,Grant,Stuard,NA,NA,NA,Hamstring,NA,Full Participation in Practice
2026,REG,REG,LA,1,00-0037195,CB,Jaylen Watson,Jaylen,Watson,NA,NA,NA,Toe,NA,Full Participation in Practice
2026,REG,REG,LA,1,00-0039137,LB,Byron Young,Byron,Young,NA,NA,NA,Not injury related - resting player,NA,Full Participation in Practice
2026,REG,REG,LAC,1,00-0031040,DE,Khalil Mack,Khalil,Mack,NA,NA,NA,Not injury related - resting player,NA,Full Participation in Practice
2026,REG,REG,LAC,1,00-0037320,CB,Deane Leonard,Deane,Leonard,Abdomen,NA,Out,Abdomen,NA,Did Not Participate In Practice
2026,REG,REG,LAC,1,00-0038454,RB,Keaton Mitchell,Keaton,Mitchell,NA,NA,NA,Hamstring,NA,Full Participation in Practice
2026,REG,REG,LAC,1,00-0039111,DE,Tuli Tuipulotu,Tuli,Tuipulotu,Hip,NA,Questionable,Hip,NA,Limited Participation in Practice
2026,REG,REG,LAC,1,00-0040221,S,R.J. Mickens,R.J.,Mickens,NA,NA,NA,Ankle,NA,Full Participation in Practice
2026,REG,REG,LAC,1,00-0041550,WR,Brenen Thompson,Brenen,Thompson,NA,NA,NA,Hip,NA,Full Participation in Practice
2026,REG,REG,LV,1,00-0039338,TE,Brock Bowers,Brock,Bowers,Knee,NA,Out,Knee,NA,Did Not Participate In Practice
2026,REG,REG,LV,1,00-0040122,RB,Ashton Jeanty,Ashton,Jeanty,NA,NA,NA,Ankle,NA,Full Participation in Practice
2026,REG,REG,MIA,1,00-0034779,LB,Ronnie Harrison,Ronnie,Harrison,NA,NA,NA,Hamstring,NA,Full Participation in Practice
2026,REG,REG,MIA,1,00-0040182,S,Dante Trader Jr.,Dante,Trader,NA,NA,NA,Hamstring,NA,Full Participation in Practice
2026,REG,REG,MIA,1,00-0041524,TE,Will Kacmarek,Will,Kacmarek,NA,NA,NA,Calf,NA,Full Participation in Practice
2026,REG,REG,MIA,1,00-0041579,TE,Seydou Traore,Seydou,Traore,NA,NA,NA,Thumb,Achilles,Full Participation in Practice
2026,REG,REG,MIN,1,00-0029606,S,Harrison Smith,Harrison,Smith,NA,NA,NA,Not injury related - resting player,NA,Limited Participation in Practice
2026,REG,REG,MIN,1,00-0036616,T,Christian Darrisaw,Christian,Darrisaw,NA,NA,NA,Not injury related - resting player,NA,Did Not Participate In Practice
2026,REG,REG,MIN,1,00-0041053,T,Caleb Tiernan,Caleb,Tiernan,NA,NA,NA,Ankle,NA,Full Participation in Practice
2026,REG,REG,MIN,1,00-0041054,S,Jakobe Thomas,Jakobe,Thomas,NA,NA,NA,Illness,NA,Full Participation in Practice
2026,REG,REG,MIN,1,00-0041354,S,Jacob Thomas,Jacob,Thomas,NA,NA,NA,Ankle,NA,Full Participation in Practice
2026,REG,REG,NE,1,00-0036981,DT,Christian Barmore,Christian,Barmore,NA,NA,NA,Knee,NA,Full Participation in Practice
2026,REG,REG,NE,1,00-0037413,C,Ben Brown,Timothy,Brown,Knee,NA,Out,Knee,NA,Did Not Participate In Practice
2026,REG,REG,NE,1,00-0040734,RB,TreVeyon Henderson,TreVeyon,Henderson,Ankle,NA,Out,Ankle,NA,Did Not Participate In Practice
2026,REG,REG,NO,1,00-0027962,LB,Cameron Jordan,Cameron,Jordan,Hamstring,NA,Out,Hamstring,NA,Limited Participation in Practice
2026,REG,REG,NO,1,00-0033860,DT,Davon Godchaux,Davon,Godchaux,NA,NA,NA,Not injury related - resting player,NA,Full Participation in Practice
2026,REG,REG,NO,1,00-0033906,RB,Alvin Kamara,Alvin,Kamara,Knee,NA,Questionable,Knee,NA,Full Participation in Practice
2026,REG,REG,NO,1,00-0039373,RB,Audric Estimé,Audric,Estime,Thigh,NA,Out,Thigh,NA,Did Not Participate In Practice
2026,REG,REG,NO,1,00-0041041,TE,Oscar Delp,Oscar,Delp,Hamstring,NA,Out,Hamstring,NA,Did Not Participate In Practice
2026,REG,REG,NYG,1,00-0031270,DT,Shelby Harris,Shelby,Harris,NA,NA,NA,Achilles,NA,Full Participation in Practice
2026,REG,REG,NYG,1,00-0033376,FB,Patrick Ricard,Patrick,Ricard,NA,NA,NA,Toe,NA,Full Participation in Practice
2026,REG,REG,NYG,1,00-0036386,T,Andrew Thomas,Andrew,Thomas,NA,NA,NA,Knee,NA,Full Participation in Practice
2026,REG,REG,NYG,1,00-0039337,WR,Malik Nabers,Malik,Nabers,Knee,NA,Questionable,Knee,NA,Full Participation in Practice
2026,REG,REG,NYG,1,00-0039446,C,Bryan Hudson,Bryan,Hudson,NA,NA,NA,Knee,NA,Full Participation in Practice
2026,REG,REG,NYG,1,00-0039847,TE,Theo Johnson,Theodore,Johnson,NA,NA,NA,Shoulder,NA,Full Participation in Practice
2026,REG,REG,NYJ,1,00-0033375,WR,Tim Patrick,Timothy,Patrick,Groin,NA,Out,Groin,NA,Did Not Participate In Practice
2026,REG,REG,NYJ,1,00-0036842,RB,Kene Nwangwu,Kene,Nwangwu,Back,NA,Doubtful,Back,NA,Did Not Participate In Practice
2026,REG,REG,NYJ,1,00-0036902,DE,Joseph Ossai,Joseph,Ossai,Foot,NA,Out,Foot,NA,Did Not Participate In Practice
2026,REG,REG,NYJ,1,00-0038120,RB,Breece Hall,Breece,Hall,NA,NA,NA,Groin,NA,Full Participation in Practice
2026,REG,REG,NYJ,1,00-0039798,RB,Isaiah Davis,Isaiah,Davis,NA,NA,NA,Knee,NA,Full Participation in Practice
2026,REG,REG,NYJ,1,00-0041032,TE,Kenyon Sadiq,Kenyon,Sadiq,NA,NA,NA,Groin,NA,Full Participation in Practice
2026,REG,REG,NYJ,1,00-0041038,CB,D'Angelo Ponds,D'Angelo,Ponds,Calf,NA,Doubtful,Calf,NA,Limited Participation in Practice
2026,REG,REG,PHI,1,00-0036224,LB,Jonathan Greenard,Jonathan,Greenard,Pectoral,NA,Out,Pectoral,NA,Limited Participation in Practice
2026,REG,REG,PHI,1,00-0041483,TE,Eli Stowers,Eli,Stowers,Hamstring,Quadricep,Out,Hamstring,NA,Limited Participation in Practice
2026,REG,REG,PIT,1,00-0039167,CB,Joey Porter Jr.,Joey,Porter,Back,NA,Questionable,Back,NA,Limited Participation in Practice
2026,REG,REG,SEA,1,00-0036363,T,Josh Jones,Josh,Jones,NA,NA,NA,Knee,NA,Limited Participation in Practice
2026,REG,REG,SEA,1,00-0038765,S,Ty Okada,Tyler,Okada,Hamstring,NA,Out,Hamstring,NA,Did Not Participate In Practice
2026,REG,REG,SEA,1,00-0038797,RB,Emanuel Wilson,Emanuel,Wilson,NA,NA,NA,Hamstring,NA,Full Participation in Practice
2026,REG,REG,SEA,1,00-0039020,G,Anthony Bradford,Anthony,Bradford,NA,NA,NA,Knee,NA,Full Participation in Practice
2026,REG,REG,SEA,1,00-0039793,TE,AJ Barner,AJ,Barner,NA,NA,NA,Oblique,NA,Full Participation in Practice
2026,REG,REG,SEA,1,00-0040648,WR,Tory Horton,Tory,Horton,Hamstring,NA,Questionable,Hamstring,NA,Limited Participation in Practice
2026,REG,REG,SEA,1,00-0040733,S,Nick Emmanwori,Nicholas,Emmanwori,Ankle,NA,Questionable,Ankle,NA,Limited Participation in Practice
2026,REG,REG,SEA,1,00-0040873,CB,Julian Neal,Julian,Neal,NA,NA,NA,Quadricep,NA,Full Participation in Practice
2026,REG,REG,SF,1,00-0029892,FB,Kyle Juszczyk,Kyle,Juszczyk,NA,NA,NA,Finger,NA,Limited Participation in Practice
2026,REG,REG,SF,1,00-0033288,TE,George Kittle,George,Kittle,NA,NA,NA,Achilles,NA,Limited Participation in Practice
2026,REG,REG,SF,1,00-0034982,LB,Dre Greenlaw,Keaundre,Greenlaw,NA,NA,NA,Achilles,NA,Full Participation in Practice
2026,REG,REG,SF,1,00-0035413,LB,Luke Gifford,Luke,Gifford,NA,NA,NA,Hamstring,NA,Full Participation in Practice
2026,REG,REG,SF,1,00-0035717,DE,Nick Bosa,Nicholas,Bosa,NA,NA,NA,Knee,NA,Limited Participation in Practice
2026,REG,REG,SF,1,00-0039345,CB,Renardo Green,Renardo,Green,NA,NA,NA,Hamstring,NA,Full Participation in Practice
2026,REG,REG,SF,1,00-0040152,CB,Upton Stout,Upton,Stout,NA,NA,NA,Achilles,NA,Full Participation in Practice
2026,REG,REG,SF,1,00-0040721,DT,Alfred Collins,Alfred,Collins,Knee,NA,Out,Knee,NA,Did Not Participate In Practice
2026,REG,REG,SF,1,00-0041363,DT,James Thompson Jr.,James,Thompson,Hamstring,NA,Questionable,Hamstring,NA,Limited Participation in Practice
2026,REG,REG,SF,1,00-0041556,DE,Romello Height,Romello,Height,NA,NA,NA,Ankle,NA,Full Participation in Practice
2026,REG,REG,SF,1,00-0041557,DT,Gracen Halton,Gracen,Halton,NA,NA,NA,Ankle,NA,Full Participation in Practice
2026,REG,REG,TB,1,00-0034989,T,Justin Skule,Justin,Skule,Oblique,NA,Doubtful,Oblique,NA,Limited Participation in Practice
2026,REG,REG,TB,1,00-0035942,LB,Christian Rozeboom,Christian,Rozeboom,Foot,NA,Questionable,Foot,NA,Limited Participation in Practice
2026,REG,REG,TB,1,00-0038951,RB,Sean Tucker,Sean,Tucker,Hamstring,NA,Doubtful,Hamstring,NA,Limited Participation in Practice
2026,REG,REG,TB,1,00-0039855,WR,Jalen McMillan,Jalen,McMillan,Knee,NA,Doubtful,Knee,NA,Limited Participation in Practice
2026,REG,REG,TB,1,00-0040129,WR,Emeka Egbuka,Emeka,Egbuka,NA,NA,NA,Toe,NA,Full Participation in Practice
2026,REG,REG,TB,1,00-0041031,LB,Rueben Bain Jr.,Rueben,Bain,NA,NA,NA,Shoulder,NA,Full Participation in Practice
2026,REG,REG,TB,1,00-0041082,G,Billy Schrauth,William,Schrauth,NA,NA,NA,Knee,NA,Full Participation in Practice
2026,REG,REG,TEN,1,00-0039858,LB,Cedric Gray,Cedric,Gray,Concussion,NA,Out,Concussion,NA,Did Not Participate In Practice
2026,REG,REG,TEN,1,00-0041508,DE,Keldric Faulk,Keldric,Faulk,NA,NA,NA,Shoulder,NA,Full Participation in Practice
2026,REG,REG,WAS,1,00-0032268,QB,Marcus Mariota,Marcus,Mariota,NA,NA,NA,Knee,NA,Full Participation in Practice
2026,REG,REG,WAS,1,00-0034333,DT,Daron Payne,Daron,Payne,NA,NA,NA,Knee,NA,Limited Participation in Practice
2026,REG,REG,WAS,1,00-0035149,C,Nick Allegretti,Nick,Allegretti,NA,NA,NA,Calf,NA,Full Participation in Practice
2026,REG,REG,WAS,1,00-0035279,DE,Charles Omenihu,Charles,Omenihu,NA,NA,NA,Wrist,NA,Full Participation in Practice
2026,REG,REG,WAS,1,00-0036260,DT,Javon Kinlaw,Javon,Kinlaw,NA,NA,NA,Back,NA,Full Participation in Practice
2026,REG,REG,WAS,1,00-0036286,LB,K'Lavon Chaisson,K'Lavon,Chaisson,NA,NA,NA,Knee,NA,Limited Participation in Practice
2026,REG,REG,WAS,1,00-0036940,LB,Odafe Oweh,Odafe,Oweh,NA,NA,NA,Calf,NA,Limited Participation in Practice
2026,REG,REG,WAS,1,00-0039368,LB,Jordan Magee,Jordan,Magee,NA,NA,NA,Chest,NA,Full Participation in Practice
2026,REG,REG,WAS,1,00-0039912,TE,Ben Sinnott,Ben,Sinnott,NA,NA,NA,Oblique,NA,Full Participation in Practice
2026,REG,REG,WAS,1,00-0040242,RB,Jacory Croskey-Merritt,Jacory,Croskey-Merritt,NA,NA,NA,Groin,NA,Limited Participation in Practice
2026,REG,REG,ARI,2,00-0032954,G,Isaac Seumalo,Isaac,Seumalo,Shoulder,NA,Questionable,Shoulder,NA,Limited Participation in Practice
2026,REG,REG,ARI,2,00-0033066,DT,Andrew Billings,Andrew,Billings,Knee,NA,Questionable,Knee,NA,Limited Participation in Practice
2026,REG,REG,ARI,2,00-0033890,S,Budda Baker,Bishard,Baker,NA,NA,NA,Not injury related - resting player,NA,Full Participation in Practice
2026,REG,REG,ARI,2,00-0034381,LB,Josh Sweat,Josh,Sweat,NA,NA,NA,Not injury related - resting player,NA,Full Participation in Practice
2026,REG,REG,ARI,2,00-0036568,DT,Roy Lopez,Roy,Lopez,Groin,NA,Questionable,Groin,NA,Limited Participation in Practice
2026,REG,REG,ARI,2,00-0037596,LB,Jack Gibbens,Jack,Gibbens,NA,NA,NA,Shoulder,NA,Full Participation in Practice
2026,REG,REG,ARI,2,00-0037744,TE,Trey McBride,Trey,McBride,NA,NA,NA,Not injury related - resting player,Back,Full Participation in Practice
2026,REG,REG,ARI,2,00-0039007,CB,Garrett Williams,Garrett,Williams,Achilles,NA,Out,Achilles,NA,Limited Participation in Practice
2026,REG,REG,ARI,2,00-0039807,CB,Max Melton,Malachi,Melton,Ankle,NA,Questionable,Ankle,NA,Limited Participation in Practice
2026,REG,REG,ARI,2,00-0039808,G,Isaiah Adams,Isaiah,Adams,Knee,NA,Questionable,Knee,NA,Limited Participation in Practice
2026,REG,REG,ARI,2,00-0039864,S,Dadrion Taylor-Demerson,Dadrion,Taylor-Demerson,Ribs,NA,Questionable,Ribs,NA,Limited Participation in Practice
2026,REG,REG,ARI,2,00-0040645,LB,Cody Simon,Cody,Simon,NA,NA,NA,Shoulder,NA,Full Participation in Practice
2026,REG,REG,ATL,2,00-0031279,T,Jake Matthews,Jacob,Matthews,NA,NA,NA,Not injury related - resting player,NA,Did Not Participate In Practice
2026,REG,REG,ATL,2,00-0031576,DE,Za'Darius Smith,Za'Darius,Smith,NA,NA,NA,Not injury related - resting player,NA,Did Not Participate In Practice
2026,REG,REG,ATL,2,00-0033662,QB,Cooper Rush,Cooper,Rush,NA,NA,NA,Back,NA,Full Participation in Practice
2026,REG,REG,ATL,2,00-0035237,T,Jawaan Taylor,Jawaan,Taylor,NA,NA,NA,Knee,NA,Full Participation in Practice
2026,REG,REG,ATL,2,00-0035630,G,Chris Lindstrom,Christopher,Lindstrom,Concussion,NA,Questionable,Concussion,NA,Full Participation in Practice
2026,REG,REG,ATL,2,00-0036212,QB,Tua Tagovailoa,Tuanigamanuolepola,Tagovailoa,Oblique,NA,Doubtful,Oblique,NA,Did Not Participate In Practice
2026,REG,REG,ATL,2,00-0036285,CB,A.J. Terrell,Aundell,Terrell,Shoulder,NA,Questionable,Shoulder,NA,Did Not Participate In Practice
2026,REG,REG,ATL,2,00-0036833,C,Ryan Neuzil,Ryan,Neuzil,NA,NA,NA,Illness,NA,Did Not Participate In Practice
2026,REG,REG,ATL,2,00-0039917,QB,Michael Penix Jr.,Michael,Penix,Knee,NA,Out,Knee,NA,Full Participation in Practice
2026,REG,REG,ATL,2,00-0040156,CB,Billy Bowman Jr.,Billy,Bowman,Achilles,NA,Out,Achilles,NA,Full Participation in Practice
2026,REG,REG,ATL,2,00-0041066,LB,Kendal Daniels,Kendal,Daniels,NA,NA,NA,Achilles,NA,Full Participation in Practice
2026,REG,REG,BAL,2,00-0026190,DT,Calais Campbell,Calais,Campbell,NA,NA,NA,Not injury related - resting player,NA,Full Participation in Practice
2026,REG,REG,BAL,2,00-0032965,T,Ronnie Stanley,Ronnie,Stanley,Toe,NA,Questionable,Toe,NA,Limited Participation in Practice
2026,REG,REG,BAL,2,00-0033935,LB,Trey Hendrickson,Collins,Hendrickson,Finger,NA,Questionable,Finger,NA,Limited Participation in Practice
2026,REG,REG,BAL,2,00-0036130,DT,Nnamdi Madubuike,Justin,Madubuike,Neck,NA,Out,Neck,NA,Limited Participation in Practice
2026,REG,REG,BAL,2,00-0036302,S,Jaylinn Hawkins,Jaylinn,Hawkins,NA,NA,NA,Chest,NA,Full Participation in Practice
2026,REG,REG,BAL,2,00-0036369,G,John Simpson,John,Simpson,Groin,NA,Questionable,Groin,NA,Limited Participation in Practice
2026,REG,REG,BAL,2,00-0039064,WR,Zay Flowers,Xavien,Flowers,Hamstring,NA,Doubtful,Hamstring,NA,Limited Participation in Practice
2026,REG,REG,BAL,2,00-0039234,CB,T.J. Tampa,Marques,Tampa,Knee,NA,Out,Knee,NA,Did Not Participate In Practice
2026,REG,REG,BAL,2,00-0039792,WR,Devontez Walker,Devontez,Walker,NA,NA,NA,Groin,NA,Full Participation in Practice
2026,REG,REG,BAL,2,00-0040069,LB,Teddye Buchanan,Teddye,Buchanan,Knee,NA,Out,Knee,NA,Limited Participation in Practice
2026,REG,REG,BAL,2,00-0040104,S,Keondre Jackson,Keondre,Jackson,NA,NA,NA,Shoulder,NA,Full Participation in Practice
2026,REG,REG,BUF,2,00-0034832,LB,Bradley Chubb,Bradley,Chubb,NA,NA,NA,Thumb,NA,Full Participation in Practice
2026,REG,REG,BUF,2,00-0035537,RB,Ty Johnson,Ty,Johnson,Hamstring,NA,Questionable,Hamstring,NA,Limited Participation in Practice
2026,REG,REG,BUF,2,00-0037254,LB,Terrel Bernard,Terrel,Bernard,NA,NA,NA,Calf,NA,Limited Participation in Practice
2026,REG,REG,BUF,2,00-0039872,S,Cole Bishop,Cole,Bishop,Knee,Groin,Questionable,Knee,Groin,Limited Participation in Practice
2026,REG,REG,BUF,2,00-0040192,CB,Jordan Hancock,Jordan,Hancock,NA,NA,NA,Quadricep,NA,Full Participation in Practice
2026,REG,REG,BUF,2,00-0040724,DE,T.J. Sanders,Tanaeri,Sanders,Knee,Illness,Questionable,Knee,Illness,Limited Participation in Practice
2026,REG,REG,CAR,2,00-0031610,TE,Darren Waller,Darren,Waller,NA,NA,NA,Not injury related - resting player,NA,Full Participation in Practice
2026,REG,REG,CAR,2,00-0036903,DT,Bobby Brown III,Bobby,Brown,Back,NA,Out,Back,NA,Did Not Participate In Practice
2026,REG,REG,CAR,2,00-0037007,LB,Patrick Jones II,Patrick,Jones,Back,NA,Questionable,Back,NA,Limited Participation in Practice
2026,REG,REG,CAR,2,00-0039491,WR,Jalen Coker,Jalen,Coker,NA,NA,NA,Ankle,NA,Full Participation in Practice
2026,REG,REG,CHI,2,00-0031583,DT,Grady Jarrett,Grady,Jarrett,NA,NA,NA,Not injury related - resting player,NA,Full Participation in Practice
2026,REG,REG,CHI,2,00-0032391,G,Joe Thuney,Joseph,Thuney,NA,NA,NA,Not injury related - resting player,NA,Full Participation in Practice
2026,REG,REG,CHI,2,00-0033579,S,Xavier Woods,Xavier,Woods,NA,NA,NA,Groin,NA,Full Participation in Practice
2026,REG,REG,CHI,2,00-0036275,RB,D'Andre Swift,D'Andre,Swift,NA,NA,NA,Ankle,Knee,Full Participation in Practice
2026,REG,REG,CHI,2,00-0036366,DT,Neville Gallimore,Neville,Gallimore,NA,NA,NA,Illness,NA,Full Participation in Practice
2026,REG,REG,CHI,2,00-0036480,DE,Dayo Odeyingbo,Temidayo,Odeyingbo,NA,NA,NA,Shoulder,NA,Full Participation in Practice
2026,REG,REG,CHI,2,00-0038932,T,Darnell Wright,Darnell,Wright,NA,NA,NA,Knee,NA,Full Participation in Practice
2026,REG,REG,CHI,2,00-0040236,RB,Kyle Monangai,Kyle,Monangai,NA,NA,NA,Hamstring,NA,Full Participation in Practice
2026,REG,REG,CHI,2,00-0040740,T,Ozzy Trapilo,Ozzy,Trapilo,NA,NA,NA,Knee,NA,Full Participation in Practice
2026,REG,REG,CHI,2,00-0041060,CB,Malik Muhammad,Malik,Muhammad,NA,NA,NA,Ankle,NA,Full Participation in Practice
2026,REG,REG,CIN,2,00-0033523,DT,Jonathan Allen,Jonathan,Allen,NA,NA,NA,Not injury related - resting player,NA,Full Participation in Practice
2026,REG,REG,CIN,2,00-0033526,RB,Samaje Perine,Samaje,Perine,NA,NA,NA,Illness,NA,Did Not Participate In Practice
2026,REG,REG,CIN,2,00-0034800,DT,B.J. Hill,Bobby,Hill,Achilles,NA,Questionable,Not injury related - resting player,Achilles,Did Not Participate In Practice
2026,REG,REG,CIN,2,00-0035683,DT,Dexter Lawrence,Dexter,Lawrence,NA,NA,NA,Not injury related - resting player,NA,Did Not Participate In Practice
2026,REG,REG,CIN,2,00-0036442,QB,Joe Burrow,Joseph,Burrow,Back,NA,Questionable,Back,NA,Full Participation in Practice
2026,REG,REG,CIN,2,00-0037743,CB,Daxton Hill,Daxton,Hill,NA,NA,NA,Hand,NA,Full Participation in Practice
2026,REG,REG,CIN,2,00-0040756,DE,Shemar Stewart,Shemar,Stewart,NA,NA,NA,Knee,NA,Full Participation in Practice
2026,REG,REG,CLE,2,00-0033131,DT,Maliek Collins,Maliek,Collins,NA,NA,NA,Quadricep,NA,Limited Participation in Practice
2026,REG,REG,CLE,2,00-0035526,C,Elgton Jenkins,Elgton,Jenkins,NA,NA,NA,Back,NA,Full Participation in Practice
2026,REG,REG,CLE,2,00-0036287,CB,Noah Igbinoghene,Noah,Igbinoghene,Hand,NA,Questionable,NA,NA,NA
2026,REG,REG,CLE,2,00-0036407,WR,Jerry Jeudy,Jerry,Jeudy,NA,NA,NA,Wrist,NA,Full Participation in Practice
2026,REG,REG,CLE,2,00-0036953,G,Teven Jenkins,Teven,Jenkins,Back,NA,Out,Back,NA,Did Not Participate In Practice
2026,REG,REG,CLE,2,00-0036974,CB,Tyson Campbell,Tyson,Campbell,Ankle,NA,Questionable,Ankle,NA,Limited Participation in Practice
2026,REG,REG,CLE,2,00-0037818,G,Zion Johnson,Zion,Johnson,NA,NA,NA,Knee,NA,Full Participation in Practice
2026,REG,REG,CLE,2,00-0039014,T,Dawand Jones,Dawand,Jones,NA,NA,NA,Head,NA,Full Participation in Practice
2026,REG,REG,CLE,2,00-0041073,C,Parker Brailsford,Parker,Brailsford,NA,NA,NA,Thumb,NA,Full Participation in Practice
2026,REG,REG,DAL,2,00-0033877,S,Malik Hooker,Malik,Hooker,Forearm,NA,Out,Forearm,NA,Did Not Participate In Practice
2026,REG,REG,DAL,2,00-0037310,LB,James Houston,James,Houston,NA,NA,NA,Shoulder,NA,Full Participation in Practice
2026,REG,REG,DAL,2,00-0038556,LB,DeMarvion Overshown,DeMarvion,Overshown,Hamstring,NA,Out,Hamstring,NA,Did Not Participate In Practice
2026,REG,REG,DAL,2,00-0040017,T,Ajani Cornelius,Ajani,Cornelius,NA,NA,NA,Knee,NA,Full Participation in Practice
2026,REG,REG,DEN,2,00-0038976,WR,Marvin Mims Jr.,Marvin,Mims,Foot,NA,Out,Foot,NA,Did Not Participate In Practice
2026,REG,REG,DEN,2,00-0039809,LB,Jonah Elliss,Jonah,Elliss,NA,NA,NA,Shoulder,NA,Full Participation in Practice
2026,REG,REG,DEN,2,00-0039868,WR,Troy Franklin,Troy,Franklin,NA,NA,NA,Knee,NA,Full Participation in Practice
2026,REG,REG,DEN,2,00-0040730,RB,RJ Harvey,Robert,Harvey,Hamstring,NA,Questionable,Hamstring,NA,Limited Participation in Practice
2026,REG,REG,DET,2,00-0034384,CB,D.J. Reed,Dennis,Reed,Foot,NA,Questionable,Foot,NA,Limited Participation in Practice
2026,REG,REG,DET,2,00-0038820,S,Christian Izien,Christian,Izien,NA,NA,NA,Groin,NA,Full Participation in Practice
2026,REG,REG,DET,2,00-0038936,G,Juice Scruggs,Frederick,Scruggs,NA,NA,NA,Knee,NA,Full Participation in Practice
2026,REG,REG,DET,2,00-0039408,G,Christian Mahogany,Christian,Mahogany,Hip,NA,Out,Hip,NA,Did Not Participate In Practice
2026,REG,REG,DET,2,00-0041439,T,Blake Miller,Blake,Miller,Knee,NA,Out,Knee,NA,Did Not Participate In Practice
2026,REG,REG,GB,2,00-0033109,DT,Javon Hargrave,Javon,Hargrave,Knee,Concussion,Doubtful,Knee,Concussion,Did Not Participate In Practice
2026,REG,REG,GB,2,00-0036551,G,Aaron Banks,Aaron,Banks,Knee,NA,Questionable,Knee,NA,Limited Participation in Practice
2026,REG,REG,GB,2,00-0036625,CB,Benjamin St-Juste,Benjamin,St-Juste,Hamstring,NA,Questionable,Hamstring,NA,Limited Participation in Practice
2026,REG,REG,GB,2,00-0037075,DT,Devonte Wyatt,Devonte,Wyatt,NA,NA,NA,Ankle,NA,Limited Participation in Practice
2026,REG,REG,GB,2,00-0037817,T,Zach Bako-Bewele,Zach,Bako-Bewele,Knee,NA,Questionable,Knee,NA,Limited Participation in Practice
2026,REG,REG,GB,2,00-0039112,LB,Lukas Van Ness,Lukas,Van Ness,Concussion,NA,Questionable,Concussion,NA,Limited Participation in Practice
2026,REG,REG,GB,2,00-0039812,LB,Ty'Ron Hopper,Ty'Ron,Hopper,NA,NA,NA,Achilles,NA,Limited Participation in Practice
2026,REG,REG,GB,2,00-0040010,LB,Barryn Sorrell,Barryn,Sorrell,NA,NA,NA,Foot,NA,Limited Participation in Practice
2026,REG,REG,GB,2,00-0040016,DT,Warren Brinson,Warren,Brinson,Calf,NA,Out,Calf,NA,Did Not Participate In Practice
2026,REG,REG,GB,2,00-0041470,CB,Brandon Cisse,Brandon,Cisse,NA,NA,NA,Cramps,NA,Full Participation in Practice
2026,REG,REG,HOU,2,00-0031364,DE,Jadeveon Clowney,Jadeveon,Clowney,Knee,NA,Out,Knee,NA,Did Not Participate In Practice
2026,REG,REG,HOU,2,00-0032071,T,Trent Brown,Trenton,Brown,NA,NA,NA,Hand,Wrist,Full Participation in Practice
2026,REG,REG,HOU,2,00-0034383,TE,Dalton Schultz,Dalton,Schultz,NA,NA,NA,Not injury related - resting player,NA,Did Not Participate In Practice
2026,REG,REG,HOU,2,00-0036554,WR,Nico Collins,Nico,Collins,Hamstring,NA,Out,Hamstring,NA,Did Not Participate In Practice
2026,REG,REG,HOU,2,00-0037633,LB,Jacob Hummel,Jacob,Hummel,Groin,NA,Out,Groin,NA,Did Not Participate In Practice
2026,REG,REG,HOU,2,00-0038127,DE,Logan Hall,Logan,Hall,NA,NA,NA,Not injury related - resting player,NA,Did Not Participate In Practice
2026,REG,REG,HOU,2,00-0038131,G,Ed Ingram,Edward,Ingram,Groin,NA,Out,Groin,NA,Did Not Participate In Practice
2026,REG,REG,HOU,2,00-0039108,DE,Will Anderson Jr.,William,Anderson,NA,NA,NA,Not injury related - resting player,NA,Limited Participation in Practice
2026,REG,REG,HOU,2,00-0041465,LB,Wade Woodaz,Wade,Woodaz,NA,NA,NA,Thumb,NA,Full Participation in Practice
2026,REG,REG,IND,2,00-0030279,WR,Keenan Allen,Keenan,Allen,NA,NA,NA,Not injury related - resting player,NA,Full Participation in Practice
2026,REG,REG,IND,2,00-0032378,DT,DeForest Buckner,DeForest,Buckner,NA,NA,NA,Ankle,Not injury related - resting player,Did Not Participate In Practice
2026,REG,REG,IND,2,00-0033952,DT,Grover Stewart,Grover,Stewart,NA,NA,NA,Not injury related - personal matter,NA,Full Participation in Practice
2026,REG,REG,IND,2,00-0034573,CB,Charvarius Ward,Charvarius,Ward,NA,NA,NA,Not injury related - resting player,NA,Did Not Participate In Practice
2026,REG,REG,IND,2,00-0035021,WR,Ashton Dulin,Ashton,Dulin,Ankle,NA,Out,Ankle,NA,Did Not Participate In Practice
2026,REG,REG,IND,2,00-0036298,LB,Akeem Davis-Gaither,Akeem,Davis-Gaither,NA,NA,NA,Knee,NA,Full Participation in Practice
2026,REG,REG,IND,2,00-0037190,CB,Sauce Gardner,Ahmad,Gardner,NA,NA,NA,Rib,NA,Full Participation in Practice
2026,REG,REG,IND,2,00-0037664,WR,Alec Pierce,Alec,Pierce,NA,NA,NA,Heel,NA,Full Participation in Practice
2026,REG,REG,IND,2,00-0039164,QB,Anthony Richardson,Anthony,Richardson,NA,NA,NA,Groin,NA,Full Participation in Practice
2026,REG,REG,IND,2,00-0039178,LB,Austin Ajiake,Austin,Ajiake,NA,NA,NA,Hamstring,NA,Full Participation in Practice
2026,REG,REG,IND,2,00-0040179,RB,DJ Giddens,DJ,Giddens,Knee,NA,Questionable,Knee,NA,Full Participation in Practice
2026,REG,REG,JAX,2,00-0034413,LB,Foyesade Oluokun,Foyesade,Oluokun,NA,NA,NA,Wrist,NA,Full Participation in Practice
2026,REG,REG,JAX,2,00-0034960,WR,Jakobi Meyers,Jakobi,Meyers,NA,NA,NA,Thumb,NA,Limited Participation in Practice
2026,REG,REG,JAX,2,00-0036655,T,Cole Van Lanen,Cole,Van Lanen,NA,NA,NA,Knee,NA,Full Participation in Practice
2026,REG,REG,JAX,2,00-0038616,CB,Christian Braswell,Christian,Braswell,NA,NA,NA,Knee,NA,Full Participation in Practice
2026,REG,REG,JAX,2,00-0039893,WR,Brian Thomas Jr.,Brian,Thomas,NA,NA,NA,Shoulder,NA,Limited Participation in Practice
2026,REG,REG,JAX,2,00-0040238,RB,LeQuint Allen Jr.,LeQuint,Allen,NA,NA,NA,Hip,NA,Limited Participation in Practice
2026,REG,REG,KC,2,00-0032762,DT,Chris Jones,Christopher,Jones,Calf,NA,Questionable,Calf,NA,Limited Participation in Practice
2026,REG,REG,KC,2,00-0033873,QB,Patrick Mahomes,Patrick,Mahomes,NA,NA,NA,Knee,NA,Full Participation in Practice
2026,REG,REG,KC,2,00-0036374,CB,L'Jarius Sneed,L'Jarius,Sneed,NA,NA,NA,Knee,NA,Full Participation in Practice
2026,REG,REG,KC,2,00-0038982,S,Chamarri Conner,Chamarri,Conner,Knee,NA,Out,Knee,NA,Did Not Participate In Practice
2026,REG,REG,KC,2,00-0039067,WR,Rashee Rice,Rashee,Rice,NA,NA,NA,Knee,NA,Full Participation in Practice
2026,REG,REG,KC,2,00-0040116,T,Josh Simmons,Josh,Simmons,Back,NA,Out,Back,NA,Did Not Participate In Practice
2026,REG,REG,KC,2,00-0040640,DE,Ashton Gillotte,Ashton,Gillotte,NA,NA,NA,Foot,NA,Full Participation in Practice
2026,REG,REG,KC,2,00-0041501,DE,R Mason Thomas,R Mason,Thomas,NA,NA,NA,Hamstring,NA,Full Participation in Practice
2026,REG,REG,KC,2,00-0041543,CB,Mansoor Delane,Mansoor,Delane,Shoulder,NA,Questionable,Shoulder,NA,Limited Participation in Practice
2026,REG,REG,LA,2,00-0031381,WR,Davante Adams,Davante,Adams,NA,NA,NA,Not injury related - resting player,NA,Full Participation in Practice
2026,REG,REG,LA,2,00-0031388,DT,Aaron Donald,Aaron,Donald,NA,NA,NA,Not injury related - resting player,NA,Did Not Participate In Practice
2026,REG,REG,LA,2,00-0033110,TE,Tyler Higbee,Tyler,Higbee,NA,NA,NA,Not injury related - resting player,NA,Did Not Participate In Practice
2026,REG,REG,LA,2,00-0036349,S,Kam Curl,Kamren,Curl,NA,NA,NA,Ankle,NA,Limited Participation in Practice
2026,REG,REG,LA,2,00-0036603,T,Alaric Jackson,Alaric,Jackson,NA,NA,NA,Not injury related - resting player,NA,Did Not Participate In Practice
2026,REG,REG,LA,2,00-0037587,LB,Nate Landman,Nate,Landman,NA,NA,NA,Shoulder,NA,Limited Participation in Practice
2026,REG,REG,LA,2,00-0039075,WR,Puka Nacua,Puka,Nacua,Hip,NA,Questionable,Hip,NA,Did Not Participate In Practice
2026,REG,REG,LA,2,00-0039137,LB,Byron Young,Byron,Young,NA,NA,NA,Not injury related - resting player,NA,Did Not Participate In Practice
2026,REG,REG,LA,2,00-0039751,WR,Jordan Whittington,Jordan,Whittington,Quadricep,NA,Doubtful,Quadricep,NA,Did Not Participate In Practice
2026,REG,REG,LA,2,00-0039774,LB,Omar Speights,Omar,Speights,NA,NA,NA,Hip,NA,Full Participation in Practice
2026,REG,REG,LA,2,00-0039834,S,Kamren Kinchens,Kamren,Kinchens,Hamstring,NA,Out,Hamstring,NA,Did Not Participate In Practice
2026,REG,REG,LAC,2,00-0031040,DE,Khalil Mack,Khalil,Mack,NA,NA,NA,Not injury related - resting player,NA,Full Participation in Practice
2026,REG,REG,LAC,2,00-0032146,DE,Bud Dupree,Alvin,Dupree,NA,NA,NA,Not injury related - resting player,NA,Full Participation in Practice
2026,REG,REG,LAC,2,00-0033546,DT,Dalvin Tomlinson,Dalvin,Tomlinson,NA,NA,NA,Hamstring,Not injury related - resting player,Full Participation in Practice
2026,REG,REG,LAC,2,00-0035688,T,Trey Pipkins,Trey,Pipkins,Knee,NA,Out,Knee,NA,Did Not Participate In Practice
2026,REG,REG,LAC,2,00-0036181,DT,Teair Tart,Teair,Tart,NA,NA,NA,Ankle,NA,Full Participation in Practice
2026,REG,REG,LAC,2,00-0036992,S,Elijah Molden,Elijah,Molden,Hamstring,NA,Out,Hamstring,NA,Did Not Participate In Practice
2026,REG,REG,LAC,2,00-0037320,CB,Deane Leonard,Deane,Leonard,Abdomen,NA,Questionable,Abdomen,NA,Limited Participation in Practice
2026,REG,REG,LAC,2,00-0038573,WR,Derius Davis,Derius,Davis,NA,NA,NA,Calf,NA,Full Participation in Practice
2026,REG,REG,LAC,2,00-0039915,WR,Ladd McConkey,Andrew,McConkey,Rib,NA,Questionable,Rib,NA,Limited Participation in Practice
2026,REG,REG,LAC,2,00-0041544,DE,Akheem Mesidor,Akheem,Mesidor,NA,NA,NA,Calf,NA,Full Participation in Practice
2026,REG,REG,LV,2,00-0038579,QB,Aidan O'Connell,Aidan,O'Connell,Not injury related - personal matter,NA,Questionable,Not injury related - personal matter,NA,Did Not Participate In Practice
2026,REG,REG,LV,2,00-0039338,TE,Brock Bowers,Brock,Bowers,Knee,NA,Doubtful,Knee,NA,Limited Participation in Practice
2026,REG,REG,LV,2,00-0040122,RB,Ashton Jeanty,Ashton,Jeanty,NA,NA,NA,Ankle,NA,Full Participation in Practice
2026,REG,REG,LV,2,00-0040641,CB,Darien Porter,Darien,Porter,Foot,NA,Out,Foot,NA,Did Not Participate In Practice
2026,REG,REG,MIA,2,00-0034779,LB,Ronnie Harrison,Ronnie,Harrison,Hamstring,NA,Out,Hamstring,NA,Did Not Participate In Practice
2026,REG,REG,MIA,2,00-0037686,LS,Tucker Addington,Tucker,Addington,Shoulder,NA,Questionable,Shoulder,NA,Limited Participation in Practice
2026,REG,REG,MIA,2,00-0038128,QB,Malik Willis,Malik,Willis,NA,NA,NA,Toe,NA,Full Participation in Practice
2026,REG,REG,MIA,2,00-0039911,LB,Chop Robinson,Demeioun,Robinson,Concussion,NA,Out,Concussion,NA,Did Not Participate In Practice
2026,REG,REG,MIA,2,00-0040182,S,Dante Trader Jr.,Dante,Trader,NA,NA,NA,Hamstring,NA,Full Participation in Practice
2026,REG,REG,MIA,2,00-0041579,TE,Seydou Traore,Seydou,Traore,NA,NA,NA,Thumb,Achilles,Limited Participation in Practice
2026,REG,REG,MIN,2,00-0029606,S,Harrison Smith,Harrison,Smith,NA,NA,NA,Not injury related - resting player,NA,Limited Participation in Practice
2026,REG,REG,MIN,2,00-0034158,T,Brian O'Neill,Brian,O'Neill,Knee,NA,Questionable,Knee,NA,Limited Participation in Practice
2026,REG,REG,MIN,2,00-0035228,QB,Kyler Murray,Kyler,Murray,Concussion,NA,Out,Concussion,NA,Limited Participation in Practice
2026,REG,REG,MIN,2,00-0035272,LB,Andrew Van Ginkel,Andrew,Van Ginkel,NA,NA,NA,Chest,NA,Full Participation in Practice
2026,REG,REG,MIN,2,00-0035276,LB,Blake Cashman,Blake,Cashman,NA,NA,NA,Wrist,NA,Full Participation in Practice
2026,REG,REG,MIN,2,00-0036259,WR,Jauan Jennings,Bennie,Jennings,Not injury related - personal matter,NA,Out,Not injury related - personal matter,NA,Did Not Participate In Practice
2026,REG,REG,MIN,2,00-0036616,T,Christian Darrisaw,Christian,Darrisaw,NA,NA,NA,Not injury related - resting player,NA,Did Not Participate In Practice
2026,REG,REG,NE,2,00-0034720,LB,Robert Spillane,Robert,Spillane,NA,NA,NA,Knee,NA,Full Participation in Practice
2026,REG,REG,NE,2,00-0034778,CB,Carlton Davis III,Carlton,Davis,Neck,NA,Out,Neck,NA,Did Not Participate In Practice
2026,REG,REG,NE,2,00-0035678,LB,Dre'Mont Jones,Dre'Mont,Jones,Foot,NA,Questionable,Foot,NA,Limited Participation in Practice
2026,REG,REG,NE,2,00-0037413,C,Ben Brown,Timothy,Brown,Knee,NA,Questionable,Knee,NA,Limited Participation in Practice
2026,REG,REG,NE,2,00-0040734,RB,TreVeyon Henderson,TreVeyon,Henderson,NA,NA,NA,Ankle,NA,Full Participation in Practice
2026,REG,REG,NE,2,00-0041103,T,Dametrious Crownover,Dametrious,Crownover,Knee,NA,Out,Knee,NA,Did Not Participate In Practice
2026,REG,REG,NO,2,00-0027962,LB,Cameron Jordan,Cameron,Jordan,NA,NA,NA,Hamstring,NA,Full Participation in Practice
2026,REG,REG,NO,2,00-0033063,LS,Zach Wood,Zachary,Wood,Calf,NA,Out,Calf,NA,Did Not Participate In Practice
2026,REG,REG,NO,2,00-0033860,DT,Davon Godchaux,Davon,Godchaux,NA,NA,NA,Not injury related - resting player,NA,Full Participation in Practice
2026,REG,REG,NO,2,00-0033906,RB,Alvin Kamara,Alvin,Kamara,NA,NA,NA,Knee,NA,Full Participation in Practice
2026,REG,REG,NO,2,00-0036040,TE,Juwan Johnson,Juwan,Johnson,NA,NA,NA,Illness,NA,Full Participation in Practice
2026,REG,REG,NO,2,00-0036321,LB,Chase Young,Chase,Young,Calf,NA,Questionable,Calf,NA,Limited Participation in Practice
2026,REG,REG,NO,2,00-0037239,WR,Chris Olave,Chris,Olave,Hamstring,NA,Questionable,Hamstring,NA,Limited Participation in Practice
2026,REG,REG,NO,2,00-0039622,LB,Isaiah Stalbird,Isaiah,Stalbird,Shoulder,NA,Doubtful,Shoulder,NA,Did Not Participate In Practice
2026,REG,REG,NO,2,00-0041041,TE,Oscar Delp,Oscar,Delp,NA,NA,NA,Hamstring,NA,Full Participation in Practice
2026,REG,REG,NO,2,00-0041390,DT,Christen Miller,Christen,Miller,Toe,NA,Questionable,Toe,NA,Limited Participation in Practice
2026,REG,REG,NYG,2,00-0036386,T,Andrew Thomas,Andrew,Thomas,NA,NA,NA,Ankle,NA,Limited Participation in Practice
2026,REG,REG,NYG,2,00-0036937,CB,Paulson Adebo,Saiid,Adebo,NA,NA,NA,Knee,NA,Did Not Participate In Practice
2026,REG,REG,NYG,2,00-0036982,DE,Chauncey Golston,Chauncey,Golston,NA,NA,NA,Neck,NA,Full Participation in Practice
2026,REG,REG,NYG,2,00-0036996,CB,Greg Newsome II,Greg,Newsome,NA,NA,NA,Rib,NA,Full Participation in Practice
2026,REG,REG,NYG,2,00-0037259,LB,Micah McFadden,Micah,McFadden,Neck,NA,Questionable,Neck,NA,Limited Participation in Practice
2026,REG,REG,NYG,2,00-0039000,CB,Deonte Banks,Deonte,Banks,Calf,NA,Questionable,Calf,NA,Did Not Participate In Practice
2026,REG,REG,NYG,2,00-0041505,T,Francis Mauigoa,Francis,Mauigoa,NA,NA,NA,Shoulder,NA,Full Participation in Practice
2026,REG,REG,NYJ,2,00-0033051,DT,David Onyemata,Ebuka,Onyemata,NA,NA,NA,Not injury related - resting player,NA,Full Participation in Practice
2026,REG,REG,NYJ,2,00-0034789,S,Minkah Fitzpatrick,Minkah,Fitzpatrick,Groin,NA,Out,Groin,NA,Did Not Participate In Practice
2026,REG,REG,NYJ,2,00-0036500,LB,Jamien Sherwood,Jamien,Sherwood,NA,NA,NA,Knee,NA,Full Participation in Practice
2026,REG,REG,NYJ,2,00-0036842,RB,Kene Nwangwu,Kene,Nwangwu,Back,NA,Out,Back,NA,Did Not Participate In Practice
2026,REG,REG,NYJ,2,00-0036902,DE,Joseph Ossai,Joseph,Ossai,Foot,NA,Out,Foot,NA,Did Not Participate In Practice
2026,REG,REG,NYJ,2,00-0039142,DE,Will McDonald IV,Will,McDonald,Ankle,NA,Questionable,Ankle,NA,Limited Participation in Practice
2026,REG,REG,NYJ,2,00-0039372,CB,Jarvis Brownlee Jr.,Jarvis,Brownlee,NA,NA,NA,Shoulder,NA,Full Participation in Practice
2026,REG,REG,NYJ,2,00-0041038,CB,D'Angelo Ponds,D'Angelo,Ponds,NA,NA,NA,Calf,NA,Full Participation in Practice
2026,REG,REG,NYJ,2,00-0041511,WR,Omar Cooper Jr.,Omar,Cooper,Ankle,NA,Out,Ankle,NA,Did Not Participate In Practice
2026,REG,REG,PHI,2,00-0035662,WR,Marquise Brown,Marquise,Brown,NA,NA,NA,Hamstring,NA,Full Participation in Practice
2026,REG,REG,PHI,2,00-0036224,LB,Jonathan Greenard,Jonathan,Greenard,Pectoral,NA,Out,Pectoral,NA,Limited Participation in Practice
2026,REG,REG,PHI,2,00-0036980,WR,Elijah Moore,Elijah,Moore,NA,NA,NA,Neck,NA,Full Participation in Practice
2026,REG,REG,PHI,2,00-0038386,DT,Jalen Carter,Jalen,Carter,NA,NA,NA,Wrist,NA,Limited Participation in Practice
2026,REG,REG,PHI,2,00-0039841,CB,Cooper DeJean,Cooper,DeJean,NA,NA,NA,Calf,Abdomen,Full Participation in Practice
2026,REG,REG,PHI,2,00-0040749,S,Andrew Mukuba,Andrew,Mukuba,Knee,NA,Questionable,Knee,NA,Limited Participation in Practice
2026,REG,REG,PIT,2,00-0027969,DT,Cameron Heyward,Cameron,Heyward,NA,NA,NA,Not injury related - resting player,NA,Full Participation in Practice
2026,REG,REG,PIT,2,00-0036252,WR,Michael Pittman,Michael,Pittman,Foot,NA,Questionable,Foot,NA,Did Not Participate In Practice
2026,REG,REG,PIT,2,00-0038558,TE,Darnell Washington,Darnell,Washington,NA,NA,NA,Not injury related - personal matter,NA,Full Participation in Practice
2026,REG,REG,PIT,2,00-0039167,CB,Joey Porter Jr.,Joey,Porter,Back,NA,Out,Back,NA,Limited Participation in Practice
2026,REG,REG,PIT,2,00-0039871,T,Troy Fautanu,Troy,Fautanu,Ankle,NA,Questionable,Ankle,NA,Full Participation in Practice
2026,REG,REG,SEA,2,00-0033908,WR,Cooper Kupp,Cooper,Kupp,NA,NA,NA,Back,NA,Full Participation in Practice
2026,REG,REG,SEA,2,00-0034869,QB,Sam Darnold,Sam,Darnold,Glute,NA,Out,Glute,NA,Did Not Participate In Practice
2026,REG,REG,SEA,2,00-0036363,T,Josh Jones,Josh,Jones,NA,NA,NA,Knee,NA,Full Participation in Practice
2026,REG,REG,SEA,2,00-0037137,CB,Josh Jobe,Joshua,Jobe,NA,NA,NA,Wrist,NA,Full Participation in Practice
2026,REG,REG,SEA,2,00-0038765,S,Ty Okada,Tyler,Okada,Hamstring,NA,Out,Hamstring,NA,Did Not Participate In Practice
2026,REG,REG,SEA,2,00-0039020,G,Anthony Bradford,Anthony,Bradford,Knee,Hip,Out,Knee,Hip,Did Not Participate In Practice
2026,REG,REG,SEA,2,00-0040648,WR,Tory Horton,Tory,Horton,NA,NA,NA,Hamstring,NA,Full Participation in Practice
2026,REG,REG,SEA,2,00-0040733,S,Nick Emmanwori,Nicholas,Emmanwori,Ankle,Hip,Questionable,Ankle,Hip,Limited Participation in Practice
2026,REG,REG,SF,2,00-0027857,T,Trent Williams,Trenton,Williams,NA,NA,NA,Not injury related - resting player,NA,Full Participation in Practice
2026,REG,REG,SF,2,00-0029892,FB,Kyle Juszczyk,Kyle,Juszczyk,NA,NA,NA,Finger,NA,Full Participation in Practice
2026,REG,REG,SF,2,00-0033280,RB,Christian McCaffrey,Christian,McCaffrey,NA,NA,NA,Not injury related - resting player,NA,Full Participation in Practice
2026,REG,REG,SF,2,00-0033288,TE,George Kittle,George,Kittle,NA,NA,NA,Achilles,NA,Full Participation in Practice
2026,REG,REG,SF,2,00-0034173,K,Eddy Pineiro,Eddy,Pineiro,Illness,NA,Questionable,Illness,NA,Did Not Participate In Practice
2026,REG,REG,SF,2,00-0034982,LB,Dre Greenlaw,Keaundre,Greenlaw,NA,NA,NA,Not injury related - resting player,Achilles,Full Participation in Practice
2026,REG,REG,SF,2,00-0035717,DE,Nick Bosa,Nicholas,Bosa,NA,NA,NA,Not injury related - resting player,Knee,Full Participation in Practice
2026,REG,REG,SF,2,00-0036341,DE,Khalid Kareem,Khalid,Kareem,NA,NA,NA,Shoulder,NA,Full Participation in Practice
2026,REG,REG,SF,2,00-0039148,DE,Keion White,Keion,White,NA,NA,NA,Back,NA,Full Participation in Practice
2026,REG,REG,SF,2,00-0040152,CB,Upton Stout,Upton,Stout,NA,NA,NA,Achilles,NA,Full Participation in Practice
2026,REG,REG,SF,2,00-0041035,WR,De'Zhaun Stribling,De'Zhaun-Ryan,Stribling,Ankle,NA,Out,Ankle,NA,Did Not Participate In Practice
2026,REG,REG,SF,2,00-0041052,RB,Kaelon Black,Kaelon,Black,Groin,NA,Questionable,Groin,NA,Limited Participation in Practice
2026,REG,REG,TB,2,00-0032399,S,Miles Killebrew,Miles,Killebrew,Concussion,NA,Questionable,Concussion,NA,Full Participation in Practice
2026,REG,REG,TB,2,00-0032889,DT,A'Shawn Robinson,A'Shawn,Robinson,NA,NA,NA,Not injury related - resting player,NA,Did Not Participate In Practice
2026,REG,REG,TB,2,00-0034989,T,Justin Skule,Justin,Skule,NA,NA,NA,Oblique,NA,Full Participation in Practice
2026,REG,REG,TB,2,00-0035942,LB,Christian Rozeboom,Christian,Rozeboom,NA,NA,NA,Foot,NA,Full Participation in Practice
2026,REG,REG,TB,2,00-0038951,RB,Sean Tucker,Sean,Tucker,NA,NA,NA,Hamstring,NA,Full Participation in Practice
2026,REG,REG,TB,2,00-0039855,WR,Jalen McMillan,Jalen,McMillan,Knee,NA,Questionable,Knee,NA,Full Participation in Practice
2026,REG,REG,TB,2,00-0040143,CB,Jacob Parrish,Jacob,Parrish,Back,NA,Questionable,Back,NA,Full Participation in Practice
2026,REG,REG,TEN,2,00-0037758,CB,Cordale Flott,Cordale,Flott,Quadricep,NA,Questionable,Quadricep,NA,Did Not Participate In Practice
2026,REG,REG,TEN,2,00-0039430,LB,James Williams,James,Williams,Elbow,NA,Questionable,Elbow,NA,Limited Participation in Practice
2026,REG,REG,TEN,2,00-0039858,LB,Cedric Gray,Cedric,Gray,Concussion,NA,Questionable,Concussion,NA,Full Participation in Practice
2026,REG,REG,WAS,2,00-0034302,LB,Frankie Luvu,Frank,Luvu,Groin,NA,Out,Groin,NA,Did Not Participate In Practice
2026,REG,REG,WAS,2,00-0034333,DT,Daron Payne,Daron,Payne,NA,NA,NA,Knee,NA,Full Participation in Practice
2026,REG,REG,WAS,2,00-0034373,LB,Dorance Armstrong,Dorance,Armstrong,NA,NA,NA,Knee,NA,Limited Participation in Practice
2026,REG,REG,WAS,2,00-0035279,DE,Charles Omenihu,Charles,Omenihu,NA,NA,NA,Ankle,NA,Limited Participation in Practice
2026,REG,REG,WAS,2,00-0036260,DT,Javon Kinlaw,Javon,Kinlaw,Back,NA,Questionable,Back,NA,Limited Participation in Practice
2026,REG,REG,WAS,2,00-0036286,LB,K'Lavon Chaisson,K'Lavon,Chaisson,NA,NA,NA,Knee,NA,Limited Participation in Practice
2026,REG,REG,WAS,2,00-0036940,LB,Odafe Oweh,Odafe,Oweh,NA,NA,NA,Calf,NA,Limited Participation in Practice
2026,REG,REG,WAS,2,00-0037092,G,Chris Paul,Chris,Paul,NA,NA,NA,Ankle,NA,Full Participation in Practice
2026,REG,REG,WAS,2,00-0037809,TE,Chig Okonkwo,Chigoziem,Okonkwo,Hamstring,NA,Out,Hamstring,NA,Did Not Participate In Practice
2026,REG,REG,WAS,2,00-0039681,S,Tyler Owens,Tyler,Owens,NA,NA,NA,Ankle,NA,Full Participation in Practice
2026,REG,REG,WAS,2,00-0040164,WR,Jaylin Lane,Joshua,Lane,NA,NA,NA,Groin,NA,Limited Participation in Practice
2026,REG,REG,WAS,2,00-0041096,RB,Kaytron Allen,Kaytron,Allen,NA,NA,NA,Ankle,Knee,Full Participation in Practice
2026,REG,REG,ARI,3,00-0032954,G,Isaac Seumalo,Isaac,Seumalo,NA,NA,NA,Not injury related - resting player,NA,Full Participation in Practice
2026,REG,REG,ARI,3,00-0033119,QB,Jacoby Brissett,Jacoby,Brissett,NA,NA,NA,Hip,NA,Full Participation in Practice
2026,REG,REG,ARI,3,00-0034381,LB,Josh Sweat,Josh,Sweat,NA,NA,NA,Not injury related - resting player,NA,Full Participation in Practice
2026,REG,REG,ARI,3,00-0035144,LB,Mack Wilson,Lyndell,Wilson,NA,NA,NA,Not injury related - resting player,Thumb,Full Participation in Practice
2026,REG,REG,ARI,3,00-0035258,C,Hjalte Froholdt,Hjalte,Froholdt,NA,NA,NA,Knee,NA,Full Participation in Practice
2026,REG,REG,ARI,3,00-0036568,DT,Roy Lopez,Roy,Lopez,Groin,NA,Questionable,Groin,NA,Limited Participation in Practice
2026,REG,REG,ARI,3,00-0039007,CB,Garrett Williams,Garrett,Williams,NA,NA,NA,Achilles,NA,Full Participation in Practice
2026,REG,REG,ARI,3,00-0039807,CB,Max Melton,Malachi,Melton,Toe,NA,Questionable,Toe,NA,Limited Participation in Practice
2026,REG,REG,ARI,3,00-0039864,S,Dadrion Taylor-Demerson,Dadrion,Taylor-Demerson,Back,NA,Out,Back,NA,Did Not Participate In Practice
2026,REG,REG,ATL,3,00-0033945,DE,Samson Ebukam,Nnamaka,Ebukam,Hamstring,NA,Out,Hamstring,NA,Did Not Participate In Practice
2026,REG,REG,ATL,3,00-0035237,T,Jawaan Taylor,Jawaan,Taylor,NA,NA,NA,Rib,NA,Full Participation in Practice
2026,REG,REG,ATL,3,00-0036204,DT,LaCale London,LaCale,London,NA,NA,NA,Hip,NA,Full Participation in Practice
2026,REG,REG,ATL,3,00-0036212,QB,Tua Tagovailoa,Tuanigamanuolepola,Tagovailoa,NA,NA,NA,Oblique,NA,Full Participation in Practice
2026,REG,REG,ATL,3,00-0036285,CB,A.J. Terrell,Aundell,Terrell,NA,NA,NA,Groin,NA,Did Not Participate In Practice
2026,REG,REG,ATL,3,00-0037317,TE,Nick Muse,Nicholas,Muse,NA,NA,NA,Shoulder,NA,Full Participation in Practice
2026,REG,REG,ATL,3,00-0037746,RB,Brian Robinson,Brian,Robinson,NA,NA,NA,Ankle,NA,Full Participation in Practice
2026,REG,REG,ATL,3,00-0039859,DT,Brandon Dorlus,Brandon,Dorlus,NA,NA,NA,Thumb,NA,Full Participation in Practice
2026,REG,REG,ATL,3,00-0039917,QB,Michael Penix Jr.,Michael,Penix,NA,NA,NA,Knee,NA,Full Participation in Practice
2026,REG,REG,ATL,3,00-0040156,CB,Billy Bowman Jr.,Billy,Bowman,Achilles,NA,Questionable,Achilles,NA,Full Participation in Practice
2026,REG,REG,BAL,3,00-0026190,DT,Calais Campbell,Calais,Campbell,NA,NA,NA,Not injury related - resting player,NA,Full Participation in Practice
2026,REG,REG,BAL,3,00-0032398,WR,Chris Moore,Christopher,Moore,NA,NA,NA,Ankle,NA,Full Participation in Practice
2026,REG,REG,BAL,3,00-0032965,T,Ronnie Stanley,Ronnie,Stanley,Toe,NA,Out,Toe,NA,Did Not Participate In Practice
2026,REG,REG,BAL,3,00-0033935,LB,Trey Hendrickson,Collins,Hendrickson,NA,NA,NA,Finger,NA,Full Participation in Practice
2026,REG,REG,BAL,3,00-0036130,DT,Nnamdi Madubuike,Justin,Madubuike,NA,NA,NA,Neck,NA,Full Participation in Practice
2026,REG,REG,BAL,3,00-0036369,G,John Simpson,John,Simpson,NA,NA,NA,Groin,NA,Full Participation in Practice
2026,REG,REG,BAL,3,00-0039064,WR,Zay Flowers,Xavien,Flowers,Hamstring,NA,Questionable,Hamstring,NA,Limited Participation in Practice
2026,REG,REG,BAL,3,00-0040069,LB,Teddye Buchanan,Teddye,Buchanan,NA,NA,NA,Knee,NA,Full Participation in Practice
2026,REG,REG,BAL,3,00-0040688,S,Malaki Starks,William,Starks,NA,NA,NA,Hamstring,NA,Full Participation in Practice
2026,REG,REG,BAL,3,00-0041494,LB,Zion Young,Zion,Young,NA,NA,NA,Quadricep,NA,Full Participation in Practice
2026,REG,REG,BUF,3,00-0034827,WR,DJ Moore,Denniston,Moore,Shoulder,NA,Questionable,Shoulder,NA,Limited Participation in Practice
2026,REG,REG,BUF,3,00-0034832,LB,Bradley Chubb,Bradley,Chubb,NA,NA,NA,Thumb,NA,Full Participation in Practice
2026,REG,REG,BUF,3,00-0035230,DT,Ed Oliver,Edward,Oliver,Hip,NA,Questionable,Hip,NA,Full Participation in Practice
2026,REG,REG,BUF,3,00-0035537,RB,Ty Johnson,Ty,Johnson,NA,NA,NA,Hamstring,NA,Full Participation in Practice
2026,REG,REG,BUF,3,00-0037254,LB,Terrel Bernard,Terrel,Bernard,NA,NA,NA,Knee,Not injury related - resting player,Did Not Participate In Practice
2026,REG,REG,BUF,3,00-0039763,LB,Joe Andreessen,Joe,Andreessen,NA,NA,NA,Knee,NA,Full Participation in Practice
2026,REG,REG,BUF,3,00-0039901,WR,Keon Coleman,Keon,Coleman,Ankle,NA,Questionable,Ankle,NA,Limited Participation in Practice
2026,REG,REG,BUF,3,00-0040192,CB,Jordan Hancock,Jordan,Hancock,Hamstring,NA,Out,Hamstring,NA,Did Not Participate In Practice
2026,REG,REG,BUF,3,00-0040724,DE,T.J. Sanders,Tanaeri,Sanders,Illness,NA,Out,Illness,NA,Did Not Participate In Practice
2026,REG,REG,BUF,3,00-0041128,G,Ar'maj Reed-Adams,Ar'maj,Reed-Adams,Elbow,NA,Questionable,Elbow,NA,Limited Participation in Practice
2026,REG,REG,CAR,3,00-0031610,TE,Darren Waller,Darren,Waller,NA,NA,NA,Not injury related - resting player,NA,Full Participation in Practice
2026,REG,REG,CAR,3,00-0035669,S,Nick Scott,Nicholas,Scott,Rib,NA,Out,Rib,NA,Did Not Participate In Practice
2026,REG,REG,CAR,3,00-0036903,DT,Bobby Brown III,Bobby,Brown,NA,NA,NA,Back,NA,Full Participation in Practice
2026,REG,REG,CAR,3,00-0036934,LB,Jaelan Phillips,Jaelan,Phillips,NA,NA,NA,Back,NA,Full Participation in Practice
2026,REG,REG,CAR,3,00-0037007,LB,Patrick Jones II,Patrick,Jones,NA,NA,NA,Back,NA,Full Participation in Practice
2026,REG,REG,CAR,3,00-0037244,LB,Devin Lloyd,Devin,Lloyd,Calf,NA,Out,Calf,NA,Did Not Participate In Practice
2026,REG,REG,CAR,3,00-0038493,LB,Claudin Cherelus,Claudin,Cherelus,Shoulder,NA,Out,Shoulder,NA,Did Not Participate In Practice
2026,REG,REG,CAR,3,00-0039342,WR,Xavier Legette,Anthony,Legette,Knee,NA,Questionable,Knee,NA,Limited Participation in Practice
2026,REG,REG,CAR,3,00-0039491,WR,Jalen Coker,Jalen,Coker,Ankle,NA,Questionable,Ankle,NA,Limited Participation in Practice
2026,REG,REG,CHI,3,00-0031203,K,Cairo Santos,Cairo,Santos,NA,NA,NA,Hip,NA,Full Participation in Practice
2026,REG,REG,CHI,3,00-0031583,DT,Grady Jarrett,Grady,Jarrett,NA,NA,NA,Not injury related - resting player,NA,Full Participation in Practice
2026,REG,REG,CHI,3,00-0032391,G,Joe Thuney,Joseph,Thuney,NA,NA,NA,Not injury related - resting player,NA,Full Participation in Practice
2026,REG,REG,CHI,3,00-0038390,LB,Noah Sewell,Noah,Sewell,Achilles,NA,Out,Achilles,NA,Limited Participation in Practice
2026,REG,REG,CHI,3,00-0038416,QB,Tyson Bagent,Tyson,Bagent,Concussion,NA,Questionable,Concussion,NA,Full Participation in Practice
2026,REG,REG,CHI,3,00-0039071,CB,Tyrique Stevenson,Tyrique,Stevenson,NA,NA,NA,Hamstring,NA,Full Participation in Practice
2026,REG,REG,CHI,3,00-0039918,QB,Caleb Williams,Caleb,Williams,Hamstring,NA,Out,Hamstring,NA,Did Not Participate In Practice
2026,REG,REG,CHI,3,00-0040236,RB,Kyle Monangai,Kyle,Monangai,NA,NA,NA,Knee,NA,Full Participation in Practice
2026,REG,REG,CHI,3,00-0040741,DE,Shemar Turner,Shemar,Turner,Knee,NA,Out,Knee,NA,Limited Participation in Practice
2026,REG,REG,CIN,3,00-0033523,DT,Jonathan Allen,Jonathan,Allen,NA,NA,NA,Not injury related - resting player,Knee,Full Participation in Practice
2026,REG,REG,CIN,3,00-0034800,DT,B.J. Hill,Bobby,Hill,Achilles,NA,Doubtful,Achilles,NA,Did Not Participate In Practice
2026,REG,REG,CIN,3,00-0035683,DT,Dexter Lawrence,Dexter,Lawrence,NA,NA,NA,Not injury related - resting player,NA,Did Not Participate In Practice
2026,REG,REG,CIN,3,00-0038619,WR,Andrei Iosivas,Andrei,Iosivas,Thumb,NA,Out,Thumb,NA,Did Not Participate In Practice
2026,REG,REG,CLE,3,00-0035234,T,Tytus Howard,Tytus,Howard,NA,NA,NA,Knee,NA,Full Participation in Practice
2026,REG,REG,CLE,3,00-0035680,LB,Quincy Williams,Quincy,Williams,NA,NA,NA,Knee,NA,Full Participation in Practice
2026,REG,REG,CLE,3,00-0036282,S,Grant Delpit,Grant,Delpit,Shoulder,NA,Questionable,Shoulder,NA,Limited Participation in Practice
2026,REG,REG,CLE,3,00-0036953,G,Teven Jenkins,Teven,Jenkins,Back,NA,Out,Back,NA,Did Not Participate In Practice
2026,REG,REG,CLE,3,00-0036974,CB,Tyson Campbell,Tyson,Campbell,Ankle,Not injury related - other,Questionable,Ankle,Not injury related - other,Limited Participation in Practice
2026,REG,REG,CLE,3,00-0040685,DT,Mason Graham,Mason,Graham,NA,NA,NA,Groin,NA,Full Participation in Practice
2026,REG,REG,CLE,3,00-0040784,RB,Quinshon Judkins,Quinshon,Judkins,NA,NA,NA,Not injury related - personal matter,NA,Full Participation in Practice
2026,REG,REG,DAL,3,00-0033877,S,Malik Hooker,Malik,Hooker,Forearm,NA,Out,Forearm,NA,Did Not Participate In Practice
2026,REG,REG,DAL,3,00-0035227,S,P.J. Locke,James,Locke,Foot,NA,Out,Foot,NA,Did Not Participate In Practice
2026,REG,REG,DAL,3,00-0037310,LB,James Houston,James,Houston,NA,NA,NA,Shoulder,NA,Full Participation in Practice
2026,REG,REG,DAL,3,00-0037839,CB,Cobie Durant,Decobie,Durant,Hamstring,NA,Out,Hamstring,NA,Did Not Participate In Practice
2026,REG,REG,DAL,3,00-0038556,LB,DeMarvion Overshown,DeMarvion,Overshown,Hamstring,NA,Out,Hamstring,NA,Did Not Participate In Practice
2026,REG,REG,DEN,3,00-0036158,RB,J.K. Dobbins,J.K.,Dobbins,NA,NA,NA,Hip,NA,Full Participation in Practice
2026,REG,REG,DEN,3,00-0038976,WR,Marvin Mims Jr.,Marvin,Mims,Foot,NA,Questionable,Foot,NA,Limited Participation in Practice
2026,REG,REG,DEN,3,00-0040730,RB,RJ Harvey,Robert,Harvey,NA,NA,NA,Hamstring,NA,Full Participation in Practice
2026,REG,REG,DEN,3,00-0041496,RB,Jonah Coleman,Jonah,Coleman,Ankle,NA,Out,Ankle,NA,Did Not Participate In Practice
2026,REG,REG,DET,3,00-0036272,G,Ben Bartch,Ben,Bartch,Foot,NA,Out,Foot,NA,Did Not Participate In Practice
2026,REG,REG,DET,3,00-0036624,DT,Alim McNeill,Alim,McNeill,NA,NA,NA,Not injury related - personal matter,NA,Full Participation in Practice
2026,REG,REG,DET,3,00-0039408,G,Christian Mahogany,Christian,Mahogany,NA,NA,NA,Hip,NA,Full Participation in Practice
2026,REG,REG,DET,3,00-0039445,LS,Hogan Hatten,Hogan,Hatten,NA,NA,NA,Wrist,NA,Full Participation in Practice
2026,REG,REG,DET,3,00-0039660,S,Thomas Harper,Thomas,Harper,Ankle,NA,Out,Ankle,NA,Did Not Participate In Practice
2026,REG,REG,DET,3,00-0040728,G,Tate Ratledge,Tate,Ratledge,NA,NA,NA,Elbow,NA,Full Participation in Practice
2026,REG,REG,DET,3,00-0040761,DE,Ahmed Hassanein,Ahmed,Hassanein,NA,NA,NA,Illness,NA,Full Participation in Practice
2026,REG,REG,DET,3,00-0041439,T,Blake Miller,Blake,Miller,NA,NA,NA,Knee,NA,Full Participation in Practice
2026,REG,REG,GB,3,00-0033109,DT,Javon Hargrave,Javon,Hargrave,Knee,Concussion,Questionable,Knee,Concussion,Limited Participation in Practice
2026,REG,REG,GB,3,00-0036551,G,Aaron Banks,Aaron,Banks,Knee,Toe,Out,Knee,Toe,Did Not Participate In Practice
2026,REG,REG,GB,3,00-0036625,CB,Benjamin St-Juste,Benjamin,St-Juste,NA,NA,NA,Hamstring,NA,Full Participation in Practice
2026,REG,REG,GB,3,00-0037091,WR,Bo Melton,Miles,Melton,NA,NA,NA,Neck,NA,Full Participation in Practice
2026,REG,REG,GB,3,00-0037817,T,Zach Bako-Bewele,Zach,Bako-Bewele,Knee,NA,Out,Knee,NA,Did Not Participate In Practice
2026,REG,REG,GB,3,00-0039146,WR,Jayden Reed,Jayden,Reed,Neck,NA,Out,Neck,NA,Did Not Participate In Practice
2026,REG,REG,GB,3,00-0039272,G,Donovan Jennings,Donovan,Jennings,NA,NA,NA,Hand,NA,Limited Participation in Practice
2026,REG,REG,GB,3,00-0039850,LB,Edgerrin Cooper,Edgerrin,Cooper,NA,NA,NA,Shoulder,NA,Limited Participation in Practice
2026,REG,REG,GB,3,00-0040016,DT,Warren Brinson,Warren,Brinson,Calf,NA,Out,Calf,NA,Did Not Participate In Practice
2026,REG,REG,GB,3,00-0040689,DT,Anthony Campbell,Anthony,Campbell,Ankle,NA,Questionable,Ankle,NA,Limited Participation in Practice
2026,REG,REG,GB,3,00-0040726,T,Anthony Belton,Anthony,Belton,NA,NA,NA,Elbow,NA,Full Participation in Practice
2026,REG,REG,GB,3,00-0041470,CB,Brandon Cisse,Brandon,Cisse,NA,NA,NA,Teeth,NA,Full Participation in Practice
2026,REG,REG,HOU,3,00-0031364,DE,Jadeveon Clowney,Jadeveon,Clowney,Knee,NA,Out,Knee,NA,Did Not Participate In Practice
2026,REG,REG,HOU,3,00-0032071,T,Trent Brown,Trenton,Brown,Knee,Wrist,Questionable,Knee,Wrist,Full Participation in Practice
2026,REG,REG,HOU,3,00-0034355,S,M.J. Stewart,Marvin,Stewart,Knee,NA,Out,Knee,NA,Limited Participation in Practice
2026,REG,REG,HOU,3,00-0034383,TE,Dalton Schultz,Dalton,Schultz,NA,NA,NA,Not injury related - resting player,NA,Did Not Participate In Practice
2026,REG,REG,HOU,3,00-0036554,WR,Nico Collins,Nico,Collins,Hamstring,NA,Out,Hamstring,NA,Did Not Participate In Practice
2026,REG,REG,HOU,3,00-0037130,S,Reed Blankenship,Reed,Blankenship,NA,NA,NA,Thumb,NA,Full Participation in Practice
2026,REG,REG,HOU,3,00-0037633,LB,Jacob Hummel,Jacob,Hummel,Groin,NA,Out,Groin,NA,Did Not Participate In Practice
2026,REG,REG,HOU,3,00-0038127,DE,Logan Hall,Logan,Hall,NA,NA,NA,Knee,NA,Did Not Participate In Practice
2026,REG,REG,HOU,3,00-0038131,G,Ed Ingram,Edward,Ingram,Groin,NA,Out,Groin,NA,Did Not Participate In Practice
2026,REG,REG,HOU,3,00-0039108,DE,Will Anderson Jr.,William,Anderson,NA,NA,NA,Not injury related - resting player,NA,Limited Participation in Practice
2026,REG,REG,HOU,3,00-0041465,LB,Wade Woodaz,Wade,Woodaz,NA,NA,NA,Thumb,NA,Full Participation in Practice
2026,REG,REG,IND,3,00-0030279,WR,Keenan Allen,Keenan,Allen,NA,NA,NA,Not injury related - resting player,NA,Full Participation in Practice
2026,REG,REG,IND,3,00-0032378,DT,DeForest Buckner,DeForest,Buckner,NA,NA,NA,Not injury related - resting player,NA,Did Not Participate In Practice
2026,REG,REG,IND,3,00-0032951,WR,Laquon Treadwell,Laquon,Treadwell,NA,NA,NA,Shoulder,NA,Full Participation in Practice
2026,REG,REG,IND,3,00-0033952,DT,Grover Stewart,Grover,Stewart,NA,NA,NA,Not injury related - resting player,NA,Full Participation in Practice
2026,REG,REG,IND,3,00-0034573,CB,Charvarius Ward,Charvarius,Ward,Groin,NA,Questionable,Groin,NA,Full Participation in Practice
2026,REG,REG,IND,3,00-0035021,WR,Ashton Dulin,Ashton,Dulin,Ankle,NA,Out,Ankle,NA,Did Not Participate In Practice
2026,REG,REG,IND,3,00-0036223,RB,Jonathan Taylor,Jonathan,Taylor,NA,NA,NA,Not injury related - resting player,NA,Full Participation in Practice
2026,REG,REG,IND,3,00-0037190,CB,Sauce Gardner,Ahmad,Gardner,NA,NA,NA,Rib,NA,Full Participation in Practice
2026,REG,REG,IND,3,00-0037664,WR,Alec Pierce,Alec,Pierce,Heel,NA,Out,Heel,NA,Did Not Participate In Practice
2026,REG,REG,IND,3,00-0039736,G,Matt Goncalves,Matthew,Goncalves,NA,NA,NA,Foot,NA,Full Participation in Practice
2026,REG,REG,JAX,3,00-0034960,WR,Jakobi Meyers,Jakobi,Meyers,NA,NA,NA,Thumb,NA,Full Participation in Practice
2026,REG,REG,JAX,3,00-0036262,DT,DaVon Hamilton,DaVon,Hamilton,NA,NA,NA,Back,NA,Limited Participation in Practice
2026,REG,REG,JAX,3,00-0036655,T,Cole Van Lanen,Cole,Van Lanen,NA,NA,NA,Knee,NA,Full Participation in Practice
2026,REG,REG,JAX,3,00-0036985,C,Robert Hainsey,Robert,Hainsey,NA,NA,NA,Elbow,Groin,Full Participation in Practice
2026,REG,REG,JAX,3,00-0038616,CB,Christian Braswell,Christian,Braswell,NA,NA,NA,Knee,NA,Full Participation in Practice
2026,REG,REG,JAX,3,00-0040238,RB,LeQuint Allen Jr.,LeQuint,Allen,NA,NA,NA,Hip,NA,Limited Participation in Practice
2026,REG,REG,JAX,3,00-0040326,LB,Branson Combs,Branson,Combs,NA,NA,NA,Not injury related - personal matter,NA,Full Participation in Practice
2026,REG,REG,JAX,3,00-0041045,DT,Albert Regis,Albert,Regis,Elbow,NA,Doubtful,Elbow,NA,Limited Participation in Practice
2026,REG,REG,KC,3,00-0032762,DT,Chris Jones,Christopher,Jones,NA,NA,NA,Calf,NA,Limited Participation in Practice
2026,REG,REG,KC,3,00-0033873,QB,Patrick Mahomes,Patrick,Mahomes,NA,NA,NA,Knee,NA,Full Participation in Practice
2026,REG,REG,KC,3,00-0036374,CB,L'Jarius Sneed,L'Jarius,Sneed,NA,NA,NA,Knee,NA,Limited Participation in Practice
2026,REG,REG,KC,3,00-0037208,LB,Jack Cochrane,Jack,Cochrane,NA,NA,NA,Calf,NA,Full Participation in Practice
2026,REG,REG,KC,3,00-0038982,S,Chamarri Conner,Chamarri,Conner,Knee,NA,Doubtful,Knee,NA,Limited Participation in Practice
2026,REG,REG,KC,3,00-0039006,DE,Felix Anudike-Uzomah,Felix,Anudike-Uzomah,NA,NA,NA,Quadricep,NA,Full Participation in Practice
2026,REG,REG,KC,3,00-0039067,WR,Rashee Rice,Rashee,Rice,NA,NA,NA,Knee,NA,Full Participation in Practice
2026,REG,REG,KC,3,00-0039825,S,Jaden Hicks,Jaden,Hicks,NA,NA,NA,Biceps,NA,Full Participation in Practice
2026,REG,REG,KC,3,00-0040072,LB,Jeffrey Bassa,Jeffrey,Bassa,NA,NA,NA,Shoulder,NA,Full Participation in Practice
2026,REG,REG,KC,3,00-0040116,T,Josh Simmons,Josh,Simmons,Back,NA,Out,Back,NA,Did Not Participate In Practice
2026,REG,REG,KC,3,00-0041497,CB,Jadon Canady,Jadon,Canady,NA,NA,NA,Knee,NA,Full Participation in Practice
2026,REG,REG,KC,3,00-0041543,CB,Mansoor Delane,Mansoor,Delane,NA,NA,NA,Shoulder,NA,Full Participation in Practice
2026,REG,REG,LA,3,00-0031388,DT,Aaron Donald,Aaron,Donald,NA,NA,NA,Not injury related - resting player,NA,Did Not Participate In Practice
2026,REG,REG,LA,3,00-0036244,TE,Colby Parkinson,Colby,Parkinson,Knee,NA,Questionable,Knee,NA,Did Not Participate In Practice
2026,REG,REG,LA,3,00-0036603,T,Alaric Jackson,Alaric,Jackson,NA,NA,NA,Knee,NA,Full Participation in Practice
2026,REG,REG,LA,3,00-0037587,LB,Nate Landman,Nate,Landman,NA,NA,NA,Shoulder,NA,Limited Participation in Practice
2026,REG,REG,LA,3,00-0037841,S,Quentin Lake,Quentin,Lake,NA,NA,NA,Shoulder,NA,Full Participation in Practice
2026,REG,REG,LA,3,00-0039075,WR,Puka Nacua,Puka,Nacua,Hip,NA,Doubtful,Hip,NA,Did Not Participate In Practice
2026,REG,REG,LA,3,00-0039137,LB,Byron Young,Byron,Young,NA,NA,NA,Not injury related - resting player,NA,Did Not Participate In Practice
2026,REG,REG,LA,3,00-0039751,WR,Jordan Whittington,Jordan,Whittington,NA,NA,NA,Quadricep,NA,Full Participation in Practice
2026,REG,REG,LA,3,00-0039834,S,Kamren Kinchens,Kamren,Kinchens,Hamstring,NA,Doubtful,Hamstring,NA,Did Not Participate In Practice
2026,REG,REG,LA,3,00-0040737,TE,Terrance Ferguson,Terrance,Ferguson,NA,NA,NA,Ankle,NA,Full Participation in Practice
2026,REG,REG,LAC,3,00-0031040,DE,Khalil Mack,Khalil,Mack,NA,NA,NA,Not injury related - resting player,NA,Full Participation in Practice
2026,REG,REG,LAC,3,00-0033546,DT,Dalvin Tomlinson,Dalvin,Tomlinson,Hamstring,NA,Out,Hamstring,NA,Did Not Participate In Practice
2026,REG,REG,LAC,3,00-0034790,S,Derwin James,Derwin,James,NA,NA,NA,Finger,Not injury related - resting player,Full Participation in Practice
2026,REG,REG,LAC,3,00-0035688,T,Trey Pipkins,Trey,Pipkins,Knee,NA,Out,Knee,NA,Did Not Participate In Practice
2026,REG,REG,LAC,3,00-0036736,G,Kayode Awosika,Kayode,Awosika,Fibula,NA,Out,Fibula,NA,Did Not Participate In Practice
2026,REG,REG,LAC,3,00-0036992,S,Elijah Molden,Elijah,Molden,Hamstring,NA,Out,Hamstring,NA,Did Not Participate In Practice
2026,REG,REG,LAC,3,00-0037009,T,Rashawn Slater,Rashawn,Slater,NA,NA,NA,Groin,NA,Full Participation in Practice
2026,REG,REG,LAC,3,00-0037012,QB,Trey Lance,Trey,Lance,Groin,NA,Questionable,Groin,NA,Limited Participation in Practice
2026,REG,REG,LAC,3,00-0037320,CB,Deane Leonard,Deane,Leonard,NA,NA,NA,Abdomen,NA,Full Participation in Practice
2026,REG,REG,LAC,3,00-0038046,TE,Charlie Kolar,Charlie,Kolar,Forearm,NA,Out,Forearm,NA,Did Not Participate In Practice
2026,REG,REG,LAC,3,00-0038103,G,Cole Strange,Devin,Strange,NA,NA,NA,Pectoral,NA,Full Participation in Practice
2026,REG,REG,LAC,3,00-0039111,DE,Tuli Tuipulotu,Tuli,Tuipulotu,NA,NA,NA,Hamstring,NA,Full Participation in Practice
2026,REG,REG,LAC,3,00-0039915,WR,Ladd McConkey,Andrew,McConkey,NA,NA,NA,Rib,NA,Full Participation in Practice
2026,REG,REG,LAC,3,00-0041381,CB,Rodney Shelley,Rodney,Shelley,Hamstring,NA,Questionable,Hamstring,NA,Limited Participation in Practice
2026,REG,REG,LAC,3,00-0041550,WR,Brenen Thompson,Brenen,Thompson,Quadricep,NA,Out,Quadricep,NA,Did Not Participate In Practice
2026,REG,REG,LV,3,00-0034275,DT,Foley Fatukasi,Folorunso,Fatukasi,NA,NA,NA,Shoulder,NA,Full Participation in Practice
2026,REG,REG,LV,3,00-0036479,DE,Kwity Paye,Kwity,Paye,Illness,NA,Questionable,Illness,NA,Limited Participation in Practice
2026,REG,REG,LV,3,00-0037093,WR,Dareke Young,Dareke,Young,NA,NA,NA,Hamstring,NA,Full Participation in Practice
2026,REG,REG,LV,3,00-0037527,LB,Segun Olubi,Segun,Olubi,NA,NA,NA,Knee,NA,Full Participation in Practice
2026,REG,REG,LV,3,00-0037615,LB,Nakobe Dean,Nakobe,Dean,NA,NA,NA,Shoulder,NA,Full Participation in Practice
2026,REG,REG,LV,3,00-0038579,QB,Aidan O'Connell,Aidan,O'Connell,Not injury related - personal matter,NA,Questionable,Not injury related - personal matter,NA,Did Not Participate In Practice
2026,REG,REG,LV,3,00-0039338,TE,Brock Bowers,Brock,Bowers,Knee,NA,Questionable,Knee,NA,Did Not Participate In Practice
2026,REG,REG,LV,3,00-0040199,DT,JJ Pegues,Jeremiah,Pegues,NA,NA,NA,Back,NA,Full Participation in Practice
2026,REG,REG,LV,3,00-0040641,CB,Darien Porter,Darien,Porter,NA,NA,NA,Foot,NA,Full Participation in Practice
2026,REG,REG,LV,3,00-0040868,S,Treydan Stukes,Treydan,Stukes,Concussion,NA,Out,Concussion,NA,Did Not Participate In Practice
2026,REG,REG,MIA,3,00-0037686,LS,Tucker Addington,Tucker,Addington,NA,NA,NA,Shoulder,NA,Limited Participation in Practice
2026,REG,REG,MIA,3,00-0038603,DE,Rob Beal Jr.,Robert,Beal,Hamstring,NA,Out,Hamstring,NA,Did Not Participate In Practice
2026,REG,REG,MIA,3,00-0038824,WR,Ryan Miller,Ryan,Miller,Hip,Back,Questionable,Hip,Back,Full Participation in Practice
2026,REG,REG,MIA,3,00-0039156,CB,Julius Brents,Julius,Brents,Knee,NA,Questionable,Knee,NA,Full Participation in Practice
2026,REG,REG,MIA,3,00-0039874,RB,Jaylen Wright,Jaylen,Wright,Stinger,Foot,Doubtful,Stinger,Foot,Did Not Participate In Practice
2026,REG,REG,MIA,3,00-0039911,LB,Chop Robinson,Demeioun,Robinson,NA,NA,NA,Concussion,NA,Full Participation in Practice
2026,REG,REG,MIA,3,00-0041523,WR,Caleb Douglas,Caleb,Douglas,Ankle,NA,Out,Ankle,NA,Did Not Participate In Practice
2026,REG,REG,MIA,3,00-0041525,WR,Chris Bell,Christopher,Bell,NA,NA,NA,Knee,NA,Full Participation in Practice
2026,REG,REG,MIA,3,00-0041533,CB,Chris Johnson,Anthony,Johnson,NA,NA,NA,Shoulder,NA,Full Participation in Practice
2026,REG,REG,MIA,3,00-0041579,TE,Seydou Traore,Seydou,Traore,NA,NA,NA,Thumb,NA,Full Participation in Practice
2026,REG,REG,MIN,3,00-0029606,S,Harrison Smith,Harrison,Smith,NA,NA,NA,Not injury related - resting player,NA,Limited Participation in Practice
2026,REG,REG,MIN,3,00-0033293,RB,Aaron Jones,Aaron,Jones,NA,NA,NA,Knee,NA,Full Participation in Practice
2026,REG,REG,MIN,3,00-0034158,T,Brian O'Neill,Brian,O'Neill,NA,NA,NA,Knee,NA,Full Participation in Practice
2026,REG,REG,MIN,3,00-0036425,RB,DeeJay Dallas,DeeJay,Dallas,NA,NA,NA,Toe,NA,Full Participation in Practice
2026,REG,REG,MIN,3,00-0036616,T,Christian Darrisaw,Christian,Darrisaw,NA,NA,NA,Not injury related - resting player,NA,Did Not Participate In Practice
2026,REG,REG,MIN,3,00-0038778,DE,Jalen Redmond,Jalen,Redmond,NA,NA,NA,Elbow,NA,Full Participation in Practice
2026,REG,REG,MIN,3,00-0039237,C,Nick Samac,Nick,Samac,Knee,NA,Out,Knee,NA,Did Not Participate In Practice
2026,REG,REG,MIN,3,00-0040173,DE,Tyrion Ingram-Dawkins,Tyrion,Ingram-Dawkins,NA,NA,NA,Oblique,NA,Full Participation in Practice
2026,REG,REG,MIN,3,00-0041495,LB,Jake Golday,Jake,Golday,NA,NA,NA,Ankle,NA,Full Participation in Practice
2026,REG,REG,MIN,3,00-0041581,P,Brett Thorson,Brett,Thorson,Hamstring,NA,Out,Hamstring,NA,Did Not Participate In Practice
2026,REG,REG,NE,3,00-0031054,DT,DaQuan Jones,DaQuan,Jones,NA,NA,NA,Not injury related - personal matter,NA,Full Participation in Practice
2026,REG,REG,NE,3,00-0031330,T,Morgan Moses,Morgan,Moses,NA,NA,NA,Foot,NA,Limited Participation in Practice
2026,REG,REG,NE,3,00-0034778,CB,Carlton Davis III,Carlton,Davis,NA,NA,NA,Neck,NA,Full Participation in Practice
2026,REG,REG,NE,3,00-0035678,LB,Dre'Mont Jones,Dre'Mont,Jones,Shoulder,NA,Out,Shoulder,NA,Did Not Participate In Practice
2026,REG,REG,NE,3,00-0036187,FB,Reggie Gilliam,Reggie,Gilliam,NA,NA,NA,Knee,NA,Limited Participation in Practice
2026,REG,REG,NE,3,00-0037205,S,Brenden Schooler,Brenden,Schooler,Back,NA,Out,Back,NA,Limited Participation in Practice
2026,REG,REG,NE,3,00-0040716,S,Craig Woodson,Craig,Woodson,Shoulder,NA,Questionable,Shoulder,NA,Limited Participation in Practice
2026,REG,REG,NE,3,00-0041103,T,Dametrious Crownover,Dametrious,Crownover,NA,NA,NA,Knee,NA,Full Participation in Practice
2026,REG,REG,NE,3,00-0041395,TE,Eli Raridon,Elijah,Raridon,Thigh,NA,Questionable,Thigh,NA,Did Not Participate In Practice
2026,REG,REG,NE,3,00-0041402,LB,Quintayvious Hutchins,Quintayvious,Hutchins,Knee,NA,Out,Knee,NA,Did Not Participate In Practice
2026,REG,REG,NO,3,00-0033860,DT,Davon Godchaux,Davon,Godchaux,NA,NA,NA,Not injury related - resting player,NA,Full Participation in Practice
2026,REG,REG,NO,3,00-0034760,DT,Nathan Shepherd,Nathan,Shepherd,NA,NA,NA,Hip,NA,Limited Participation in Practice
2026,REG,REG,NO,3,00-0036321,LB,Chase Young,Chase,Young,NA,NA,NA,Calf,NA,Full Participation in Practice
2026,REG,REG,NO,3,00-0036973,RB,Travis Etienne,Travis,Etienne,NA,NA,NA,Hamstring,NA,Full Participation in Practice
2026,REG,REG,NO,3,00-0037250,CB,Martin Emerson,Martin,Emerson,Shoulder,NA,Questionable,Shoulder,NA,Limited Participation in Practice
2026,REG,REG,NO,3,00-0038551,RB,Kendre Miller,Kendre,Miller,NA,NA,NA,Illness,NA,Full Participation in Practice
2026,REG,REG,NO,3,00-0039622,LB,Isaiah Stalbird,Isaiah,Stalbird,NA,NA,NA,Shoulder,NA,Full Participation in Practice
2026,REG,REG,NO,3,00-0040643,S,Jonas Sanker,Jonas,Sanker,NA,NA,NA,Knee,NA,Full Participation in Practice
2026,REG,REG,NO,3,00-0041099,WR,Barion Brown,Barion,Brown,Hamstring,NA,Out,Hamstring,NA,Did Not Participate In Practice
2026,REG,REG,NO,3,00-0041390,DT,Christen Miller,Christen,Miller,Toe,NA,Out,Toe,NA,Did Not Participate In Practice
2026,REG,REG,NYG,3,00-0031270,DT,Shelby Harris,Shelby,Harris,NA,NA,NA,Toe,NA,Full Participation in Practice
2026,REG,REG,NYG,3,00-0033290,T,Jermaine Eluemunor,Jermaine,Eluemunor,NA,NA,NA,Thigh,NA,Full Participation in Practice
2026,REG,REG,NYG,3,00-0035713,LB,Brian Burns,Brian,Burns,Ankle,NA,Questionable,Ankle,NA,Did Not Participate In Practice
2026,REG,REG,NYG,3,00-0036386,T,Andrew Thomas,Andrew,Thomas,NA,NA,NA,Groin,NA,Limited Participation in Practice
2026,REG,REG,NYG,3,00-0036996,CB,Greg Newsome II,Greg,Newsome,NA,NA,NA,Rib,NA,Full Participation in Practice
2026,REG,REG,NYG,3,00-0037259,LB,Micah McFadden,Micah,McFadden,NA,NA,NA,Neck,NA,Full Participation in Practice
2026,REG,REG,NYG,3,00-0038986,CB,Nic Jones,Nic,Jones,NA,NA,NA,Shoulder,NA,Full Participation in Practice
2026,REG,REG,NYG,3,00-0039000,CB,Deonte Banks,Deonte,Banks,Calf,NA,Questionable,Calf,NA,Limited Participation in Practice
2026,REG,REG,NYG,3,00-0039337,WR,Malik Nabers,Malik,Nabers,NA,NA,NA,Shoulder,NA,Full Participation in Practice
2026,REG,REG,NYG,3,00-0039861,S,Tyler Nubin,Tyler,Nubin,Calf,NA,Questionable,Calf,NA,Limited Participation in Practice
2026,REG,REG,NYG,3,00-0040691,QB,Jaxson Dart,Jaxson,Dart,NA,NA,NA,Knee,NA,Did Not Participate In Practice
2026,REG,REG,NYG,3,00-0041505,T,Francis Mauigoa,Francis,Mauigoa,NA,NA,NA,Neck,NA,Full Participation in Practice
2026,REG,REG,NYJ,3,00-0034789,S,Minkah Fitzpatrick,Minkah,Fitzpatrick,Groin,NA,Out,Groin,NA,Did Not Participate In Practice
2026,REG,REG,NYJ,3,00-0036842,RB,Kene Nwangwu,Kene,Nwangwu,Back,NA,Doubtful,Back,NA,Did Not Participate In Practice
2026,REG,REG,NYJ,3,00-0036902,DE,Joseph Ossai,Joseph,Ossai,Foot,NA,Questionable,Foot,NA,Full Participation in Practice
2026,REG,REG,NYJ,3,00-0039890,WR,Adonai Mitchell,Adonai,Mitchell,Finger,NA,Questionable,Finger,NA,Limited Participation in Practice
2026,REG,REG,NYJ,3,00-0040186,LB,Francisco Mauigoa,Francisco,Mauigoa,Quadricep,NA,Out,Quadricep,NA,Did Not Participate In Practice
2026,REG,REG,NYJ,3,00-0040736,TE,Mason Taylor,Mason,Taylor,Thumb,NA,Out,Thumb,NA,Did Not Participate In Practice
2026,REG,REG,NYJ,3,00-0041026,DE,David Bailey,David,Bailey,NA,NA,NA,Elbow,NA,Full Participation in Practice
2026,REG,REG,PHI,3,00-0034351,TE,Dallas Goedert,Dallas,Goedert,Knee,NA,Out,Knee,NA,Did Not Participate In Practice
2026,REG,REG,PHI,3,00-0034844,RB,Saquon Barkley,Saquon,Barkley,NA,NA,NA,Neck,NA,Full Participation in Practice
2026,REG,REG,PHI,3,00-0034951,T,Fred Johnson,Fred,Johnson,Knee,NA,Out,Knee,NA,Did Not Participate In Practice
2026,REG,REG,PHI,3,00-0035662,WR,Marquise Brown,Marquise,Brown,Ankle,NA,Out,Ankle,NA,Did Not Participate In Practice
2026,REG,REG,PHI,3,00-0036224,LB,Jonathan Greenard,Jonathan,Greenard,Pectoral,NA,Questionable,Pectoral,NA,Full Participation in Practice
2026,REG,REG,PHI,3,00-0036912,WR,DeVonta Smith,DeVonta,Smith,NA,NA,NA,Hamstring,NA,Full Participation in Practice
2026,REG,REG,PHI,3,00-0038386,DT,Jalen Carter,Jalen,Carter,NA,NA,NA,Wrist,NA,Full Participation in Practice
2026,REG,REG,PHI,3,00-0038555,RB,Tank Bigsby,Cantavious,Bigsby,NA,NA,NA,Abdomen,NA,Full Participation in Practice
2026,REG,REG,PHI,3,00-0039001,G,Tyler Steen,Tyler,Steen,NA,NA,NA,Shoulder,NA,Full Participation in Practice
2026,REG,REG,PHI,3,00-0039746,RB,Will Shipley,William,Shipley,NA,NA,NA,Foot,NA,Limited Participation in Practice
2026,REG,REG,PHI,3,00-0040749,S,Andrew Mukuba,Andrew,Mukuba,NA,NA,NA,Knee,NA,Full Participation in Practice
2026,REG,REG,PIT,3,00-0033055,CB,Jalen Ramsey,Jalen,Ramsey,NA,NA,NA,Not injury related - resting player,NA,Full Participation in Practice
2026,REG,REG,PIT,3,00-0035286,LB,Cole Holcomb,Cole,Holcomb,NA,NA,NA,Not injury related - personal matter,NA,Full Participation in Practice
2026,REG,REG,PIT,3,00-0035699,CB,Jamel Dean,Jamel,Dean,Ankle,NA,Questionable,Ankle,NA,Limited Participation in Practice
2026,REG,REG,PIT,3,00-0036139,RB,Rico Dowdle,Rico,Dowdle,Toe,NA,Out,Toe,NA,Did Not Participate In Practice
2026,REG,REG,PIT,3,00-0036252,WR,Michael Pittman,Michael,Pittman,Foot,NA,Questionable,Foot,NA,Limited Participation in Practice
2026,REG,REG,PIT,3,00-0037228,RB,Jaylen Warren,Derrell,Warren,Shoulder,NA,Questionable,Shoulder,NA,Limited Participation in Practice
2026,REG,REG,PIT,3,00-0039167,CB,Joey Porter Jr.,Joey,Porter,Not injury related - other,NA,Questionable,Not injury related - other,NA,Limited Participation in Practice
2026,REG,REG,PIT,3,00-0041396,G,Gennings Dunker,Gennings,Dunker,Knee,NA,Out,Knee,NA,Did Not Participate In Practice
2026,REG,REG,SEA,3,00-0033908,WR,Cooper Kupp,Cooper,Kupp,NA,NA,NA,Back,NA,Limited Participation in Practice
2026,REG,REG,SEA,3,00-0034869,QB,Sam Darnold,Sam,Darnold,NA,NA,NA,Glute,NA,Full Participation in Practice
2026,REG,REG,SEA,3,00-0034974,S,Julian Love,Julian,Love,Calf,NA,Out,Calf,NA,Did Not Participate In Practice
2026,REG,REG,SEA,3,00-0036994,LB,Ernest Jones,Ernest,Jones,NA,NA,NA,Neck,NA,Full Participation in Practice
2026,REG,REG,SEA,3,00-0038488,FB,Brady Russell,Brady,Russell,NA,NA,NA,Chest,NA,Full Participation in Practice
2026,REG,REG,SEA,3,00-0038694,DT,Brandon Pili,Brandon,Pili,Concussion,Neck,Questionable,Concussion,Neck,Limited Participation in Practice
2026,REG,REG,SEA,3,00-0038765,S,Ty Okada,Tyler,Okada,Hamstring,NA,Out,Hamstring,NA,Did Not Participate In Practice
2026,REG,REG,SEA,3,00-0039299,RB,George Holani,George,Holani,NA,NA,NA,Knee,NA,Full Participation in Practice
2026,REG,REG,SEA,3,00-0040733,S,Nick Emmanwori,Nicholas,Emmanwori,NA,NA,NA,Ankle,NA,Full Participation in Practice
2026,REG,REG,SEA,3,00-0041512,RB,Jadarian Price,Jadarian,Price,NA,NA,NA,Chest,NA,Full Participation in Practice
2026,REG,REG,SF,3,00-0027857,T,Trent Williams,Trenton,Williams,NA,NA,NA,Not injury related - resting player,NA,Full Participation in Practice
2026,REG,REG,SF,3,00-0031408,WR,Mike Evans,Michael,Evans,Hip,NA,Questionable,Hip,NA,Limited Participation in Practice
2026,REG,REG,SF,3,00-0032775,WR,Demarcus Robinson,Demarcus,Robinson,Ankle,NA,Out,Ankle,NA,Did Not Participate In Practice
2026,REG,REG,SF,3,00-0033280,RB,Christian McCaffrey,Christian,McCaffrey,NA,NA,NA,Not injury related - resting player,NA,Full Participation in Practice
2026,REG,REG,SF,3,00-0034982,LB,Dre Greenlaw,Keaundre,Greenlaw,NA,NA,NA,Not injury related - resting player,Achilles,Full Participation in Practice
2026,REG,REG,SF,3,00-0035717,DE,Nick Bosa,Nicholas,Bosa,Knee,Calf,Out,Knee,Calf,Did Not Participate In Practice
2026,REG,REG,SF,3,00-0041363,DT,James Thompson Jr.,James,Thompson,Ankle,NA,Out,Ankle,NA,Did Not Participate In Practice
2026,REG,REG,SF,3,00-0041556,DE,Romello Height,Romello,Height,Hand,NA,Out,Hand,NA,Did Not Participate In Practice
2026,REG,REG,TB,3,00-0032889,DE,A'Shawn Robinson,A'Shawn,Robinson,NA,NA,NA,Not injury related - resting player,NA,Full Participation in Practice
2026,REG,REG,TB,3,00-0034855,QB,Baker Mayfield,Baker,Mayfield,NA,NA,NA,Illness,NA,Full Participation in Practice
2026,REG,REG,TB,3,00-0035254,LB,Anthony Nelson,Anthony,Nelson,NA,NA,NA,Shin,NA,Full Participation in Practice
2026,REG,REG,TB,3,00-0039855,WR,Jalen McMillan,Jalen,McMillan,NA,NA,NA,Knee,NA,Full Participation in Practice
2026,REG,REG,TB,3,00-0040143,CB,Jacob Parrish,Jacob,Parrish,NA,NA,NA,Back,NA,Full Participation in Practice
2026,REG,REG,TB,3,00-0041031,LB,Rueben Bain Jr.,Rueben,Bain,Groin,NA,Out,Groin,NA,Did Not Participate In Practice
2026,REG,REG,TB,3,00-0041502,LB,Josiah Trotter,Josiah,Trotter,Shoulder,NA,Out,Shoulder,NA,Limited Participation in Practice
2026,REG,REG,TEN,3,00-0033870,DT,Solomon Thomas,Solomon,Thomas,NA,NA,NA,Knee,NA,Full Participation in Practice
2026,REG,REG,TEN,3,00-0035261,RB,Tony Pollard,Tony,Pollard,NA,NA,NA,Ankle,NA,Limited Participation in Practice
2026,REG,REG,TEN,3,00-0037758,CB,Cordale Flott,Cordale,Flott,Quadricep,NA,Questionable,Quadricep,NA,Limited Participation in Practice
2026,REG,REG,TEN,3,00-0038115,TE,Daniel Bellinger,Daniel,Bellinger,NA,NA,NA,Illness,NA,Limited Participation in Practice
2026,REG,REG,TEN,3,00-0039032,RB,Tyjae Spears,Tyjae,Spears,Ankle,NA,Questionable,Ankle,NA,Limited Participation in Practice
2026,REG,REG,TEN,3,00-0039430,LB,James Williams,James,Williams,NA,NA,NA,Elbow,NA,Full Participation in Practice
2026,REG,REG,TEN,3,00-0040020,CB,Micah Robinson,Micah,Robinson,NA,NA,NA,Groin,NA,Full Participation in Practice
2026,REG,REG,TEN,3,00-0040201,CB,Marcus Harris,Marcus,Harris,NA,NA,NA,Shoulder,NA,Full Participation in Practice
2026,REG,REG,TEN,3,00-0040881,G,Fernando Carmona,Fernando,Carmona,NA,NA,NA,Shoulder,NA,Full Participation in Practice
2026,REG,REG,WAS,3,00-0034302,LB,Frankie Luvu,Frank,Luvu,Groin,NA,Out,Groin,NA,Did Not Participate In Practice
2026,REG,REG,WAS,3,00-0034373,LB,Dorance Armstrong,Dorance,Armstrong,NA,NA,NA,Knee,NA,Full Participation in Practice
2026,REG,REG,WAS,3,00-0034465,S,Jeremy Reaves,Jeremy,Reaves,NA,NA,NA,Knee,Elbow,Full Participation in Practice
2026,REG,REG,WAS,3,00-0035279,DE,Charles Omenihu,Charles,Omenihu,NA,NA,NA,Ankle,NA,Full Participation in Practice
2026,REG,REG,WAS,3,00-0036260,DT,Javon Kinlaw,Javon,Kinlaw,NA,NA,NA,Back,Shoulder,Full Participation in Practice
2026,REG,REG,WAS,3,00-0036618,G,Sam Cosmi,Samuel,Cosmi,Concussion,Throat,Out,Concussion,Throat,Did Not Participate In Practice
2026,REG,REG,WAS,3,00-0037616,S,Nick Cross,Nicolas,Cross,Illness,NA,Out,Illness,NA,Did Not Participate In Practice
2026,REG,REG,WAS,3,00-0037809,TE,Chig Okonkwo,Chigoziem,Okonkwo,Hamstring,NA,Out,Hamstring,NA,Did Not Participate In Practice
2026,REG,REG,WAS,3,00-0037819,LB,Leo Chenal,Leo,Chenal,NA,NA,NA,Chest,NA,Limited Participation in Practice
2026,REG,REG,WAS,3,00-0038100,S,Percy Butler,Percy,Butler,NA,NA,NA,Groin,NA,Full Participation in Practice
2026,REG,REG,WAS,3,00-0039681,S,Tyler Owens,Tyler,Owens,NA,NA,NA,Hamstring,NA,Full Participation in Practice
2026,REG,REG,WAS,3,00-0039910,QB,Jayden Daniels,Jayden,Daniels,Elbow,NA,Out,Elbow,NA,Did Not Participate In Practice
2026,REG,REG,WAS,3,00-0039913,T,Brandon Coleman,Brandon,Coleman,NA,NA,NA,Finger,NA,Full Participation in Practice
2026,REG,REG,WAS,3,00-0040164,WR,Jaylin Lane,Joshua,Lane,NA,NA,NA,Groin,NA,Full Participation in Practice
2026,REG,REG,WAS,3,00-0041096,RB,Kaytron Allen,Kaytron,Allen,NA,NA,NA,Hip,NA,Full Participation in Practice
2026,REG,REG,WAS,3,00-0041182,K,Drew Stevens,Drew,Stevens,NA,NA,NA,Hand,NA,Full Participation in Practice
2026,REG,REG,ARI,4,00-0032954,G,Isaac Seumalo,Isaac,Seumalo,NA,NA,NA,Not injury related - resting player,NA,Full Participation in Practice
2026,REG,REG,ARI,4,00-0033890,S,Budda Baker,Bishard,Baker,NA,NA,NA,Not injury related - resting player,NA,Full Participation in Practice
2026,REG,REG,ARI,4,00-0034381,LB,Josh Sweat,Josh,Sweat,Not injury related - resting player,Groin,Questionable,Not injury related - resting player,Groin,Limited Participation in Practice
2026,REG,REG,ARI,4,00-0035144,LB,Mack Wilson,Lyndell,Wilson,NA,NA,NA,Thumb,NA,Full Participation in Practice
2026,REG,REG,ARI,4,00-0035258,C,Hjalte Froholdt,Hjalte,Froholdt,NA,NA,NA,Knee,NA,Full Participation in Practice
2026,REG,REG,ARI,4,00-0036568,DT,Roy Lopez,Roy,Lopez,NA,NA,NA,Groin,NA,Full Participation in Practice
2026,REG,REG,ARI,4,00-0039864,S,Dadrion Taylor-Demerson,Dadrion,Taylor-Demerson,Back,NA,Out,Back,NA,Did Not Participate In Practice
2026,REG,REG,ARI,4,00-0040706,DT,Walter Nolen,Walter,Nolen,NA,NA,NA,Shoulder,NA,Full Participation in Practice
2026,REG,REG,ATL,4,00-0031279,T,Jake Matthews,Jacob,Matthews,NA,NA,NA,Not injury related - resting player,NA,Did Not Participate In Practice
2026,REG,REG,ATL,4,00-0031576,DE,Za'Darius Smith,Za'Darius,Smith,NA,NA,NA,Not injury related - resting player,NA,Full Participation in Practice
2026,REG,REG,ATL,4,00-0033945,DE,Samson Ebukam,Nnamaka,Ebukam,Hamstring,NA,Questionable,Hamstring,NA,Full Participation in Practice
2026,REG,REG,ATL,4,00-0035237,T,Jawaan Taylor,Jawaan,Taylor,NA,NA,NA,Not injury related - resting player,NA,Full Participation in Practice
2026,REG,REG,ATL,4,00-0036990,LB,Divine Deablo,Divine,Deablo,Hamstring,NA,Questionable,Hamstring,NA,Limited Participation in Practice
2026,REG,REG,ATL,4,00-0038580,LB,Yasir Abdullah,Yasir,Abdullah,Illness,NA,Questionable,Illness,NA,Full Participation in Practice
2026,REG,REG,ATL,4,00-0041066,LB,Kendal Daniels,Kendal,Daniels,NA,NA,NA,Achilles,NA,Full Participation in Practice
2026,REG,REG,BAL,4,00-0026190,DT,Calais Campbell,Calais,Campbell,NA,NA,NA,Not injury related - resting player,NA,Full Participation in Practice
2026,REG,REG,BAL,4,00-0032398,WR,Chris Moore,Christopher,Moore,Ankle,NA,Questionable,Ankle,NA,Limited Participation in Practice
2026,REG,REG,BAL,4,00-0032965,T,Ronnie Stanley,Ronnie,Stanley,Toe,Not injury related - resting player,Questionable,Toe,Not injury related - resting player,Did Not Participate In Practice
2026,REG,REG,BAL,4,00-0033281,CB,Marlon Humphrey,Marlon,Humphrey,NA,NA,NA,Hamstring,NA,Full Participation in Practice
2026,REG,REG,BAL,4,00-0033901,C,Ethan Pocic,Ethan,Pocic,Knee,NA,Out,Knee,NA,Did Not Participate In Practice
2026,REG,REG,BAL,4,00-0033935,LB,Trey Hendrickson,Collins,Hendrickson,Finger,NA,Out,Finger,NA,Did Not Participate In Practice
2026,REG,REG,BAL,4,00-0034753,TE,Mark Andrews,Mark,Andrews,NA,NA,NA,Hand,NA,Full Participation in Practice
2026,REG,REG,BAL,4,00-0034796,QB,Lamar Jackson,Lamar,Jackson,NA,NA,NA,Back,NA,Full Participation in Practice
2026,REG,REG,BAL,4,00-0034798,TE,Durham Smythe,Durham,Smythe,NA,NA,NA,Heel,NA,Full Participation in Practice
2026,REG,REG,BAL,4,00-0036369,G,John Simpson,John,Simpson,NA,NA,NA,Groin,NA,Full Participation in Practice
2026,REG,REG,BAL,4,00-0038629,C,Jovaughn Gwyn,Jovaughn,Gwyn,Ankle,NA,Out,Ankle,NA,Did Not Participate In Practice
2026,REG,REG,BAL,4,00-0039064,WR,Zay Flowers,Xavien,Flowers,Hamstring,Not injury related - resting player,Questionable,Hamstring,Not injury related - resting player,Limited Participation in Practice
2026,REG,REG,BUF,4,00-0034827,WR,DJ Moore,Denniston,Moore,NA,NA,NA,Shoulder,NA,Limited Participation in Practice
2026,REG,REG,BUF,4,00-0034832,LB,Bradley Chubb,Bradley,Chubb,NA,NA,NA,Thumb,NA,Full Participation in Practice
2026,REG,REG,BUF,4,00-0036037,S,Sam Franklin Jr.,Samuel,Franklin,NA,NA,NA,Not injury related - personal matter,NA,Did Not Participate In Practice
2026,REG,REG,BUF,4,00-0036888,S,Damar Hamlin,Damar,Hamlin,NA,NA,NA,Ribs,NA,Limited Participation in Practice
2026,REG,REG,BUF,4,00-0037254,LB,Terrel Bernard,Terrel,Bernard,NA,NA,NA,Knee,Not injury related - resting player,Did Not Participate In Practice
2026,REG,REG,BUF,4,00-0037288,CB,Christian Benford,Christian,Benford,Toe,NA,Questionable,Toe,NA,Did Not Participate In Practice
2026,REG,REG,BUF,4,00-0038557,LB,Dorian Williams,Dorian,Williams,NA,NA,NA,Hip,NA,Full Participation in Practice
2026,REG,REG,BUF,4,00-0039763,LB,Joe Andreessen,Joe,Andreessen,NA,NA,NA,Knee,NA,Full Participation in Practice
2026,REG,REG,BUF,4,00-0039875,RB,Ray Davis,Re'Mahn,Davis,Hamstring,NA,Questionable,Hamstring,NA,Limited Participation in Practice
2026,REG,REG,BUF,4,00-0039901,WR,Keon Coleman,Keon,Coleman,NA,NA,NA,Ankle,NA,Limited Participation in Practice
2026,REG,REG,BUF,4,00-0040710,DT,Deone Walker,Deone,Walker,NA,NA,NA,Quadricep,NA,Full Participation in Practice
2026,REG,REG,BUF,4,00-0040724,DE,T.J. Sanders,Tanaeri,Sanders,Illness,NA,Doubtful,Illness,NA,Limited Participation in Practice
2026,REG,REG,BUF,4,00-0041128,G,Ar'maj Reed-Adams,Ar'maj,Reed-Adams,NA,NA,NA,Elbow,NA,Full Participation in Practice
2026,REG,REG,CAR,4,00-0031610,TE,Darren Waller,Darren,Waller,NA,NA,NA,Not injury related - resting player,Toe,Full Participation in Practice
2026,REG,REG,CAR,4,00-0035669,S,Nick Scott,Nicholas,Scott,NA,NA,NA,Rib,NA,Full Participation in Practice
2026,REG,REG,CAR,4,00-0036417,G,Damien Lewis,Damien,Lewis,Elbow,NA,Out,Elbow,NA,Did Not Participate In Practice
2026,REG,REG,CAR,4,00-0036555,RB,Chuba Hubbard,Chuba,Hubbard,NA,NA,NA,Not injury related - resting player,NA,Full Participation in Practice
2026,REG,REG,CAR,4,00-0037244,LB,Devin Lloyd,Devin,Lloyd,NA,NA,NA,Calf,NA,Full Participation in Practice
2026,REG,REG,CAR,4,00-0039150,QB,Bryce Young,Bryce,Young,NA,NA,NA,Knee,NA,Full Participation in Practice
2026,REG,REG,CAR,4,00-0039342,WR,Xavier Legette,Anthony,Legette,Knee,NA,Out,Knee,NA,Did Not Participate In Practice
2026,REG,REG,CAR,4,00-0039491,WR,Jalen Coker,Jalen,Coker,Quadricep,NA,Questionable,Quadricep,NA,Limited Participation in Practice
2026,REG,REG,CAR,4,00-0040136,LB,Princely Umanmielen,Princely,Umanmielen,NA,NA,NA,Ankle,NA,Full Participation in Practice
2026,REG,REG,CAR,4,00-0040174,DT,Cam Jackson,Cam'Ron,Jackson,Knee,NA,Questionable,Knee,NA,Limited Participation in Practice
2026,REG,REG,CAR,4,00-0041034,T,Monroe Freeling,Monroe,Freeling,Concussion,NA,Questionable,Concussion,NA,Full Participation in Practice
2026,REG,REG,CAR,4,00-0041478,DT,Lee Hunter,Lee,Hunter,Foot,NA,Questionable,Foot,NA,Limited Participation in Practice
2026,REG,REG,CHI,4,00-0031583,DT,Grady Jarrett,Grady,Jarrett,NA,NA,NA,Not injury related - resting player,NA,Full Participation in Practice
2026,REG,REG,CHI,4,00-0032391,G,Joe Thuney,Joseph,Thuney,NA,NA,NA,Not injury related - resting player,NA,Full Participation in Practice
2026,REG,REG,CHI,4,00-0035357,S,Cam Lewis,Cameron,Lewis,Hip,NA,Doubtful,Hip,NA,Did Not Participate In Practice
2026,REG,REG,CHI,4,00-0036258,G,Jonah Jackson,Jonah,Jackson,NA,NA,NA,Not injury related - personal matter,NA,Full Participation in Practice
2026,REG,REG,CHI,4,00-0036275,RB,D'Andre Swift,D'Andre,Swift,NA,NA,NA,Knee,NA,Full Participation in Practice
2026,REG,REG,CHI,4,00-0037081,T,Braxton Jones,Braxton,Jones,Knee,NA,Out,Knee,NA,Did Not Participate In Practice
2026,REG,REG,CHI,4,00-0038111,CB,Kyler Gordon,Kyler,Gordon,Calf,NA,Out,Calf,NA,Full Participation in Practice
2026,REG,REG,CHI,4,00-0038390,LB,Noah Sewell,Noah,Sewell,Achilles,NA,Out,Achilles,NA,Full Participation in Practice
2026,REG,REG,CHI,4,00-0039918,QB,Caleb Williams,Caleb,Williams,Hamstring,NA,Out,Hamstring,NA,Did Not Participate In Practice
2026,REG,REG,CHI,4,00-0040741,DE,Shemar Turner,Shemar,Turner,Knee,NA,Out,Knee,NA,Full Participation in Practice
2026,REG,REG,CIN,4,00-0033523,DT,Jonathan Allen,Jonathan,Allen,NA,NA,NA,Not injury related - resting player,NA,Full Participation in Practice
2026,REG,REG,CIN,4,00-0034800,DT,B.J. Hill,Bobby,Hill,Achilles,NA,Questionable,Achilles,NA,Limited Participation in Practice
2026,REG,REG,CIN,4,00-0035683,DT,Dexter Lawrence,Dexter,Lawrence,NA,NA,NA,Not injury related - resting player,NA,Did Not Participate In Practice
2026,REG,REG,CIN,4,00-0035702,G,Dalton Risner,Dalton,Risner,Knee,NA,Questionable,Knee,NA,Full Participation in Practice
2026,REG,REG,CIN,4,00-0036231,S,Kyle Dugger,Kyle,Dugger,Quadricep,NA,Out,Quadricep,NA,Did Not Participate In Practice
2026,REG,REG,CIN,4,00-0037193,S,Bryan Cook,Bryan,Cook,Ankle,NA,Questionable,Ankle,NA,Limited Participation in Practice
2026,REG,REG,CIN,4,00-0038549,CB,DJ Turner II,DJ,Turner,NA,NA,NA,Ankle,NA,Limited Participation in Practice
2026,REG,REG,CIN,4,00-0038560,S,Jordan Battle,Jordan,Battle,NA,NA,NA,Hamstring,NA,Full Participation in Practice
2026,REG,REG,CIN,4,00-0039313,LB,Swayze Bozeman,Swayze,Bozeman,Groin,NA,Questionable,Groin,NA,Did Not Participate In Practice
2026,REG,REG,CIN,4,00-0041069,WR,Colbie Young,Colbie,Young,Knee,NA,Out,Knee,NA,Did Not Participate In Practice
2026,REG,REG,CLE,4,00-0035234,T,Tytus Howard,Tytus,Howard,NA,NA,NA,Knee,NA,Full Participation in Practice
2026,REG,REG,CLE,4,00-0035526,C,Elgton Jenkins,Elgton,Jenkins,Concussion,NA,Out,Concussion,NA,Did Not Participate In Practice
2026,REG,REG,CLE,4,00-0036282,S,Grant Delpit,Grant,Delpit,NA,NA,NA,Shoulder,NA,Full Participation in Practice
2026,REG,REG,CLE,4,00-0036630,WR,Tylan Wallace,Tylan,Wallace,Knee,NA,Out,Knee,NA,Did Not Participate In Practice
2026,REG,REG,CLE,4,00-0036953,G,Teven Jenkins,Teven,Jenkins,Back,NA,Out,Back,NA,Limited Participation in Practice
2026,REG,REG,CLE,4,00-0036974,CB,Tyson Campbell,Tyson,Campbell,NA,NA,NA,Knee,NA,Full Participation in Practice
2026,REG,REG,DAL,4,00-0033877,S,Malik Hooker,Malik,Hooker,NA,NA,NA,Forearm,NA,Full Participation in Practice
2026,REG,REG,DAL,4,00-0037310,LB,James Houston,James,Houston,NA,NA,NA,Shoulder,NA,Full Participation in Practice
2026,REG,REG,DAL,4,00-0037839,CB,Cobie Durant,Decobie,Durant,Hamstring,NA,Out,Hamstring,NA,Did Not Participate In Practice
2026,REG,REG,DAL,4,00-0038556,LB,DeMarvion Overshown,DeMarvion,Overshown,Hamstring,NA,Out,Hamstring,NA,Did Not Participate In Practice
2026,REG,REG,DAL,4,00-0040008,CB,Shavon Revel Jr.,Shavon,Revel,NA,NA,NA,Knee,Ankle,Full Participation in Practice
2026,REG,REG,DEN,4,00-0033297,DT,D.J. Jones,David,Jones,NA,NA,NA,Not injury related - resting player,NA,Full Participation in Practice
2026,REG,REG,DEN,4,00-0035248,DE,Zach Allen,Zachary,Allen,NA,NA,NA,Not injury related - resting player,NA,Full Participation in Practice
2026,REG,REG,DEN,4,00-0036158,RB,J.K. Dobbins,J.K.,Dobbins,NA,NA,NA,Hip,NA,Full Participation in Practice
2026,REG,REG,DEN,4,00-0036613,WR,Jaylen Waddle,Jaylen,Waddle,NA,NA,NA,Foot,NA,Full Participation in Practice
2026,REG,REG,DEN,4,00-0037799,LB,Dondrea Tillman,Dondrea,Tillman,Hamstring,NA,Out,Hamstring,NA,Did Not Participate In Practice
2026,REG,REG,DEN,4,00-0038976,WR,Marvin Mims Jr.,Marvin,Mims,NA,NA,NA,Foot,NA,Full Participation in Practice
2026,REG,REG,DET,4,00-0034384,CB,D.J. Reed,Dennis,Reed,Rib,NA,Questionable,Rib,NA,Limited Participation in Practice
2026,REG,REG,DET,4,00-0036272,G,Ben Bartch,Ben,Bartch,Foot,NA,Out,Foot,NA,Did Not Participate In Practice
2026,REG,REG,DET,4,00-0036335,DE,D.J. Wonnum,Dennis,Wonnum,NA,NA,NA,Back,NA,Full Participation in Practice
2026,REG,REG,GB,4,00-0036551,G,Aaron Banks,Aaron,Banks,Knee,Toe,Out,Knee,Toe,Did Not Participate In Practice
2026,REG,REG,GB,4,00-0038398,DT,Karl Brooks,Karl,Brooks,NA,NA,NA,Illness,NA,Limited Participation in Practice
2026,REG,REG,GB,4,00-0039112,LB,Lukas Van Ness,Lukas,Van Ness,NA,NA,NA,Shoulder,NA,Limited Participation in Practice
2026,REG,REG,GB,4,00-0039817,C,Jacob Monk,Jacob,Monk,Quadricep,NA,Out,Quadricep,NA,Did Not Participate In Practice
2026,REG,REG,GB,4,00-0039850,LB,Edgerrin Cooper,Edgerrin,Cooper,Shoulder,Concussion,Questionable,Shoulder,Concussion,Full Participation in Practice
2026,REG,REG,GB,4,00-0040016,DT,Warren Brinson,Warren,Brinson,Calf,Groin,Out,Calf,Groin,Did Not Participate In Practice
2026,REG,REG,GB,4,00-0040689,DT,Anthony Campbell,Anthony,Campbell,Ankle,NA,Out,Ankle,NA,Did Not Participate In Practice
2026,REG,REG,GB,4,00-0040884,C,Jager Burton,Jager,Burton,Groin,NA,Questionable,Groin,NA,Limited Participation in Practice
2026,REG,REG,HOU,4,00-0031364,DE,Jadeveon Clowney,Jadeveon,Clowney,Knee,NA,Questionable,Knee,NA,Did Not Participate In Practice
2026,REG,REG,HOU,4,00-0032071,T,Trent Brown,Trenton,Brown,NA,NA,NA,Illness,Knee,Full Participation in Practice
2026,REG,REG,HOU,4,00-0034355,S,M.J. Stewart,Marvin,Stewart,Knee,NA,Out,Knee,NA,Did Not Participate In Practice
2026,REG,REG,HOU,4,00-0034383,TE,Dalton Schultz,Dalton,Schultz,NA,NA,NA,Not injury related - resting player,NA,Limited Participation in Practice
2026,REG,REG,HOU,4,00-0035166,LB,Azeez Al-Shaair,Azeez,Al-Shaair,Groin,NA,Out,Groin,NA,Did Not Participate In Practice
2026,REG,REG,HOU,4,00-0036554,WR,Nico Collins,Nico,Collins,NA,NA,NA,Hamstring,NA,Full Participation in Practice
2026,REG,REG,HOU,4,00-0037457,LB,Jake Hansen,Jake,Hansen,Calf,NA,Questionable,Calf,NA,Full Participation in Practice
2026,REG,REG,HOU,4,00-0038127,DE,Logan Hall,Logan,Hall,Knee,NA,Questionable,Knee,NA,Limited Participation in Practice
2026,REG,REG,HOU,4,00-0038131,G,Ed Ingram,Edward,Ingram,Groin,NA,Questionable,Groin,NA,Full Participation in Practice
2026,REG,REG,HOU,4,00-0039108,DE,Will Anderson Jr.,William,Anderson,NA,NA,NA,Ankle,NA,Full Participation in Practice
2026,REG,REG,HOU,4,00-0039603,RB,British Brooks,British,Brooks,NA,NA,NA,Hamstring,NA,Did Not Participate In Practice
2026,REG,REG,HOU,4,00-0039838,S,Calen Bullock,Calen,Bullock,NA,NA,NA,Quadricep,NA,Full Participation in Practice
2026,REG,REG,HOU,4,00-0041465,LB,Wade Woodaz,Wade,Woodaz,NA,NA,NA,Ankle,Thumb,Full Participation in Practice
2026,REG,REG,IND,4,00-0030279,WR,Keenan Allen,Keenan,Allen,Not injury related - resting player,Groin,Questionable,Not injury related - resting player,Groin,Did Not Participate In Practice
2026,REG,REG,IND,4,00-0033217,TE,Mo Alie-Cox,Mohamed,Alie-Cox,NA,NA,NA,Illness,NA,Full Participation in Practice
2026,REG,REG,IND,4,00-0033952,DT,Grover Stewart,Grover,Stewart,NA,NA,NA,Not injury related - resting player,NA,Full Participation in Practice
2026,REG,REG,IND,4,00-0034573,CB,Charvarius Ward,Charvarius,Ward,NA,NA,NA,Not injury related - resting player,NA,Full Participation in Practice
2026,REG,REG,IND,4,00-0035021,WR,Ashton Dulin,Ashton,Dulin,Ankle,NA,Questionable,Ankle,NA,Full Participation in Practice
2026,REG,REG,IND,4,00-0036223,RB,Jonathan Taylor,Jonathan,Taylor,NA,NA,NA,Not injury related - resting player,NA,Full Participation in Practice
2026,REG,REG,IND,4,00-0036298,LB,Akeem Davis-Gaither,Akeem,Davis-Gaither,NA,NA,NA,Knee,NA,Full Participation in Practice
2026,REG,REG,IND,4,00-0039576,K,Spencer Shrader,Spencer,Shrader,NA,NA,NA,Groin,NA,Full Participation in Practice
2026,REG,REG,JAX,4,00-0034960,WR,Jakobi Meyers,Jakobi,Meyers,NA,NA,NA,Thumb,NA,Full Participation in Practice
2026,REG,REG,JAX,4,00-0036262,DT,DaVon Hamilton,DaVon,Hamilton,NA,NA,NA,Back,NA,Full Participation in Practice
2026,REG,REG,JAX,4,00-0036655,T,Cole Van Lanen,Cole,Van Lanen,NA,NA,NA,Knee,NA,Full Participation in Practice
2026,REG,REG,JAX,4,00-0037313,CB,Montaric Brown,Montaric,Brown,Hamstring,NA,Questionable,Hamstring,NA,Limited Participation in Practice
2026,REG,REG,JAX,4,00-0038616,CB,Christian Braswell,Christian,Braswell,Knee,NA,Questionable,Knee,NA,Limited Participation in Practice
2026,REG,REG,JAX,4,00-0039353,CB,Jarrian Jones,Jarrian,Jones,NA,NA,NA,Hip,NA,Full Participation in Practice
2026,REG,REG,JAX,4,00-0040238,RB,LeQuint Allen Jr.,LeQuint,Allen,NA,NA,NA,Hip,NA,Limited Participation in Practice
2026,REG,REG,JAX,4,00-0041045,DT,Albert Regis,Albert,Regis,Elbow,NA,Questionable,Elbow,NA,Limited Participation in Practice
2026,REG,REG,JAX,4,00-0041503,TE,Nate Boerkircher,Nate,Boerkircher,NA,NA,NA,Illness,NA,Full Participation in Practice
2026,REG,REG,KC,4,00-0032762,DT,Chris Jones,Christopher,Jones,NA,NA,NA,Calf,NA,Full Participation in Practice
2026,REG,REG,KC,4,00-0033873,QB,Patrick Mahomes,Patrick,Mahomes,NA,NA,NA,Knee,NA,Full Participation in Practice
2026,REG,REG,KC,4,00-0036374,CB,L'Jarius Sneed,L'Jarius,Sneed,NA,NA,NA,Knee,NA,Full Participation in Practice
2026,REG,REG,KC,4,00-0037208,LB,Jack Cochrane,Jack,Cochrane,NA,NA,NA,Calf,NA,Full Participation in Practice
2026,REG,REG,KC,4,00-0038982,S,Chamarri Conner,Chamarri,Conner,NA,NA,NA,Knee,NA,Full Participation in Practice
2026,REG,REG,KC,4,00-0039006,DE,Felix Anudike-Uzomah,Felix,Anudike-Uzomah,NA,NA,NA,Quadricep,NA,Full Participation in Practice
2026,REG,REG,KC,4,00-0039067,WR,Rashee Rice,Rashee,Rice,NA,NA,NA,Knee,NA,Full Participation in Practice
2026,REG,REG,KC,4,00-0039324,CB,Christian Roland-Wallace,Christian,Roland-Wallace,NA,NA,NA,Shoulder,NA,Full Participation in Practice
2026,REG,REG,KC,4,00-0040116,T,Josh Simmons,Josh,Simmons,Back,NA,Out,Back,NA,Did Not Participate In Practice
2026,REG,REG,KC,4,00-0040640,DE,Ashton Gillotte,Ashton,Gillotte,NA,NA,NA,Knee,NA,Full Participation in Practice
2026,REG,REG,KC,4,00-0041497,CB,Jadon Canady,Jadon,Canady,NA,NA,NA,Knee,NA,Full Participation in Practice
2026,REG,REG,LA,4,00-0031381,WR,Davante Adams,Davante,Adams,NA,NA,NA,Not injury related - resting player,NA,Full Participation in Practice
2026,REG,REG,LA,4,00-0031388,DT,Aaron Donald,Aaron,Donald,Back,NA,Out,Back,NA,Did Not Participate In Practice
2026,REG,REG,LA,4,00-0033110,TE,Tyler Higbee,Tyler,Higbee,NA,NA,NA,Not injury related - resting player,NA,Did Not Participate In Practice
2026,REG,REG,LA,4,00-0034234,DT,Poona Ford,Kaylon,Ford,NA,NA,NA,Not injury related - resting player,NA,Full Participation in Practice
2026,REG,REG,LA,4,00-0036244,TE,Colby Parkinson,Colby,Parkinson,Knee,Shoulder,Questionable,Knee,Shoulder,Did Not Participate In Practice
2026,REG,REG,LA,4,00-0036603,T,Alaric Jackson,Alaric,Jackson,NA,NA,NA,Not injury related - resting player,NA,Did Not Participate In Practice
2026,REG,REG,LA,4,00-0037195,CB,Jaylen Watson,Jaylen,Watson,Shoulder,NA,Out,Shoulder,NA,Did Not Participate In Practice
2026,REG,REG,LA,4,00-0037587,LB,Nate Landman,Nate,Landman,NA,NA,NA,Shoulder,NA,Full Participation in Practice
2026,REG,REG,LA,4,00-0039075,WR,Puka Nacua,Puka,Nacua,NA,NA,NA,Hip,NA,Full Participation in Practice
2026,REG,REG,LA,4,00-0039137,LB,Byron Young,Byron,Young,NA,NA,NA,Not injury related - resting player,NA,Did Not Participate In Practice
2026,REG,REG,LA,4,00-0039772,CB,Josh Wallace,Josh,Wallace,NA,NA,NA,Shoulder,NA,Full Participation in Practice
2026,REG,REG,LA,4,00-0039834,S,Kamren Kinchens,Kamren,Kinchens,NA,NA,NA,Hamstring,NA,Full Participation in Practice
2026,REG,REG,LA,4,00-0040580,LB,Josaiah Stewart,Josaiah,Stewart,Groin,NA,Questionable,Groin,NA,Did Not Participate In Practice
2026,REG,REG,LA,4,00-0040737,TE,Terrance Ferguson,Terrance,Ferguson,Ankle,NA,Out,Ankle,NA,Did Not Participate In Practice
2026,REG,REG,LAC,4,00-0031040,DE,Khalil Mack,Khalil,Mack,NA,NA,NA,Not injury related - resting player,NA,Full Participation in Practice
2026,REG,REG,LAC,4,00-0032146,DE,Bud Dupree,Alvin,Dupree,NA,NA,NA,Not injury related - resting player,NA,Full Participation in Practice
2026,REG,REG,LAC,4,00-0033546,DT,Dalvin Tomlinson,Dalvin,Tomlinson,Hamstring,NA,Out,Hamstring,NA,Did Not Participate In Practice
2026,REG,REG,LAC,4,00-0034356,CB,Donte Jackson,Donte,Jackson,Concussion,NA,Questionable,Concussion,NA,Full Participation in Practice
2026,REG,REG,LAC,4,00-0034790,S,Derwin James,Derwin,James,Hamstring,Not injury related - resting player,Questionable,Hamstring,Not injury related - resting player,Limited Participation in Practice
2026,REG,REG,LAC,4,00-0036736,G,Kayode Awosika,Kayode,Awosika,Fibula,NA,Out,Fibula,NA,Did Not Participate In Practice
2026,REG,REG,LAC,4,00-0036992,S,Elijah Molden,Elijah,Molden,Hamstring,NA,Questionable,Hamstring,NA,Limited Participation in Practice
2026,REG,REG,LAC,4,00-0037012,QB,Trey Lance,Trey,Lance,Groin,NA,Questionable,Groin,NA,Limited Participation in Practice
2026,REG,REG,LAC,4,00-0038046,TE,Charlie Kolar,Charlie,Kolar,Forearm,NA,Out,Forearm,NA,Limited Participation in Practice
2026,REG,REG,LAC,4,00-0038454,RB,Keaton Mitchell,Keaton,Mitchell,NA,NA,NA,Ankle,NA,Full Participation in Practice
2026,REG,REG,LAC,4,00-0039835,DE,Justin Eboigbe,Justin,Eboigbe,NA,NA,NA,Eye,NA,Full Participation in Practice
2026,REG,REG,LAC,4,00-0039915,WR,Ladd McConkey,Andrew,McConkey,Foot,NA,Questionable,Foot,NA,Limited Participation in Practice
2026,REG,REG,LAC,4,00-0041550,WR,Brenen Thompson,Brenen,Thompson,Quadricep,NA,Out,Quadricep,NA,Did Not Participate In Practice
2026,REG,REG,LV,4,00-0034275,DT,Foley Fatukasi,Folorunso,Fatukasi,NA,NA,NA,Shoulder,NA,Full Participation in Practice
2026,REG,REG,LV,4,00-0035891,WR,Cody White,Cody,White,NA,NA,NA,Ankle,NA,Limited Participation in Practice
2026,REG,REG,LV,4,00-0036901,CB,Eric Stokes,Eric,Stokes,NA,NA,NA,Ankle,NA,Full Participation in Practice
2026,REG,REG,LV,4,00-0037461,S,Tristin McCollum,Tristin,McCollum,NA,NA,NA,Knee,NA,Full Participation in Practice
2026,REG,REG,LV,4,00-0037512,S,Isaiah Pola-Mao,Isaiah,Pola-Mao,NA,NA,NA,Foot,NA,Full Participation in Practice
2026,REG,REG,LV,4,00-0038579,QB,Aidan O'Connell,Aidan,O'Connell,Not injury related - personal matter,NA,Questionable,Not injury related - personal matter,NA,Did Not Participate In Practice
2026,REG,REG,LV,4,00-0039338,TE,Brock Bowers,Brock,Bowers,NA,NA,NA,Knee,NA,Limited Participation in Practice
2026,REG,REG,LV,4,00-0039735,G,Jackson Powers-Johnson,Jackson,Powers-Johnson,Groin,NA,Out,Groin,NA,Did Not Participate In Practice
2026,REG,REG,LV,4,00-0040122,RB,Ashton Jeanty,Ashton,Jeanty,NA,NA,NA,Ankle,NA,Full Participation in Practice
2026,REG,REG,LV,4,00-0040868,S,Treydan Stukes,Treydan,Stukes,NA,NA,NA,Concussion,NA,Full Participation in Practice
2026,REG,REG,LV,4,00-0040894,WR,Malik Benson,Malik,Benson,NA,NA,NA,Knee,NA,Full Participation in Practice
2026,REG,REG,MIA,4,00-0036159,LB,Joshua Uche,Joshua,Uche,NA,NA,NA,Foot,NA,Full Participation in Practice
2026,REG,REG,MIA,4,00-0036171,C,Aaron Brewer,Aaron,Brewer,NA,NA,NA,Hand,NA,Full Participation in Practice
2026,REG,REG,MIA,4,00-0037686,LS,Tucker Addington,Tucker,Addington,NA,NA,NA,Shoulder,NA,Limited Participation in Practice
2026,REG,REG,MIA,4,00-0038603,LB,Rob Beal Jr.,Robert,Beal,Hamstring,NA,Out,Hamstring,NA,Did Not Participate In Practice
2026,REG,REG,MIA,4,00-0039156,CB,Julius Brents,Julius,Brents,NA,NA,NA,Knee,Heel,Full Participation in Practice
2026,REG,REG,MIA,4,00-0039481,CB,Storm Duck,Storm,Duck,Knee,Achilles,Out,Knee,Achilles,Full Participation in Practice
2026,REG,REG,MIA,4,00-0039874,RB,Jaylen Wright,Jaylen,Wright,NA,NA,NA,Foot,NA,Full Participation in Practice
2026,REG,REG,MIA,4,00-0039911,LB,Chop Robinson,Demeioun,Robinson,NA,NA,NA,Foot,NA,Full Participation in Practice
2026,REG,REG,MIA,4,00-0040182,S,Dante Trader Jr.,Dante,Trader,NA,NA,NA,Groin,NA,Full Participation in Practice
2026,REG,REG,MIA,4,00-0040248,DT,Zeek Biggers,Zeek,Biggers,NA,NA,NA,Ankle,NA,Full Participation in Practice
2026,REG,REG,MIA,4,00-0041523,WR,Caleb Douglas,Caleb,Douglas,Ankle,NA,Out,Ankle,NA,Did Not Participate In Practice
2026,REG,REG,MIA,4,00-0041525,WR,Chris Bell,Christopher,Bell,NA,NA,NA,Knee,NA,Full Participation in Practice
2026,REG,REG,MIA,4,00-0041579,TE,Seydou Traore,Seydou,Traore,NA,NA,NA,Thumb,NA,Full Participation in Practice
2026,REG,REG,MIN,4,00-0029606,S,Harrison Smith,Harrison,Smith,NA,NA,NA,Not injury related - resting player,NA,Limited Participation in Practice
2026,REG,REG,MIN,4,00-0033293,RB,Aaron Jones,Aaron,Jones,NA,NA,NA,Not injury related - resting player,NA,Limited Participation in Practice
2026,REG,REG,MIN,4,00-0035276,LB,Blake Cashman,Blake,Cashman,NA,NA,NA,Elbow,NA,Full Participation in Practice
2026,REG,REG,MIN,4,00-0036322,WR,Justin Jefferson,Justin,Jefferson,Ankle,NA,Out,Ankle,NA,Did Not Participate In Practice
2026,REG,REG,MIN,4,00-0036616,T,Christian Darrisaw,Christian,Darrisaw,NA,NA,NA,Not injury related - resting player,NA,Did Not Participate In Practice
2026,REG,REG,MIN,4,00-0041083,CB,Charles Demmings,Charles,Demmings,Hamstring,NA,Out,Hamstring,NA,Did Not Participate In Practice
2026,REG,REG,MIN,4,00-0041581,P,Brett Thorson,Brett,Thorson,Hamstring,NA,Out,Hamstring,NA,Did Not Participate In Practice
2026,REG,REG,NE,4,00-0031330,T,Morgan Moses,Morgan,Moses,Foot,NA,Questionable,Foot,NA,Limited Participation in Practice
2026,REG,REG,NE,4,00-0035678,LB,Dre'Mont Jones,Dre'Mont,Jones,Shoulder,NA,Questionable,Shoulder,NA,Limited Participation in Practice
2026,REG,REG,NE,4,00-0036187,FB,Reggie Gilliam,Reggie,Gilliam,Knee,NA,Questionable,Knee,NA,Limited Participation in Practice
2026,REG,REG,NE,4,00-0036813,LB,Christian Elliss,Christian,Elliss,Chest,NA,Questionable,Chest,NA,Limited Participation in Practice
2026,REG,REG,NE,4,00-0036981,DT,Christian Barmore,Christian,Barmore,Shoulder,NA,Out,Shoulder,NA,Did Not Participate In Practice
2026,REG,REG,NE,4,00-0037205,S,Brenden Schooler,Brenden,Schooler,Back,NA,Out,Back,NA,Limited Participation in Practice
2026,REG,REG,NE,4,00-0039147,CB,Christian Gonzalez,Christian,Gonzalez,Shoulder,NA,Out,Shoulder,NA,Did Not Participate In Practice
2026,REG,REG,NE,4,00-0039851,QB,Drake Maye,Drake,Maye,NA,NA,NA,Shoulder,NA,Full Participation in Practice
2026,REG,REG,NE,4,00-0040716,S,Craig Woodson,Craig,Woodson,Shoulder,NA,Questionable,Shoulder,NA,Limited Participation in Practice
2026,REG,REG,NE,4,00-0041316,CB,Channing Canada,Channing,Canada,Hamstring,NA,Questionable,Hamstring,NA,Limited Participation in Practice
2026,REG,REG,NE,4,00-0041395,TE,Eli Raridon,Elijah,Raridon,Thigh,NA,Questionable,Thigh,NA,Limited Participation in Practice
2026,REG,REG,NO,4,00-0033860,DT,Davon Godchaux,Davon,Godchaux,NA,NA,NA,Not injury related - resting player,NA,Full Participation in Practice
2026,REG,REG,NO,4,00-0034760,DT,Nathan Shepherd,Nathan,Shepherd,NA,NA,NA,Not injury related - resting player,NA,Did Not Participate In Practice
2026,REG,REG,NO,4,00-0035316,LB,Kaden Elliss,Kaden,Elliss,Calf,NA,Out,Calf,NA,Did Not Participate In Practice
2026,REG,REG,NO,4,00-0035402,LB,Carl Granderson,Carl,Granderson,Ankle,NA,Out,Ankle,NA,Did Not Participate In Practice
2026,REG,REG,NO,4,00-0035644,TE,Noah Fant,Noah,Fant,Abdomen,NA,Questionable,Abdomen,NA,Limited Participation in Practice
2026,REG,REG,NO,4,00-0036193,LB,Anfernee Jennings,Anfernee,Jennings,Knee,NA,Out,Knee,NA,Did Not Participate In Practice
2026,REG,REG,NO,4,00-0036253,S,Julian Blackmon,Julian,Blackmon,NA,NA,NA,Calf,NA,Full Participation in Practice
2026,REG,REG,NO,4,00-0036927,LB,Pete Werner,Pete,Werner,Shoulder,NA,Questionable,Shoulder,NA,Did Not Participate In Practice
2026,REG,REG,NO,4,00-0037250,CB,Martin Emerson,Martin,Emerson,NA,NA,NA,Shoulder,NA,Full Participation in Practice
2026,REG,REG,NO,4,00-0039518,TE,Treyton Welch,Treyton,Welch,NA,NA,NA,Not injury related - personal matter,NA,Did Not Participate In Practice
2026,REG,REG,NO,4,00-0039725,CB,Jayden Price,Jayden,Price,NA,NA,NA,Ankle,NA,Limited Participation in Practice
2026,REG,REG,NO,4,00-0041099,WR,Barion Brown,Barion,Brown,NA,NA,NA,Hamstring,NA,Full Participation in Practice
2026,REG,REG,NO,4,00-0041390,DT,Christen Miller,Christen,Miller,NA,NA,NA,Toe,NA,Full Participation in Practice
2026,REG,REG,NYG,4,00-0033376,FB,Patrick Ricard,Patrick,Ricard,NA,NA,NA,Nose,NA,Full Participation in Practice
2026,REG,REG,NYG,4,00-0034248,S,Elijah Campbell,Elijah,Campbell,NA,NA,NA,Foot,NA,Full Participation in Practice
2026,REG,REG,NYG,4,00-0036386,T,Andrew Thomas,Andrew,Thomas,NA,NA,NA,Groin,NA,Limited Participation in Practice
2026,REG,REG,NYG,4,00-0038986,CB,Nic Jones,Nic,Jones,NA,NA,NA,Shoulder,NA,Full Participation in Practice
2026,REG,REG,NYG,4,00-0039000,CB,Deonte Banks,Deonte,Banks,NA,NA,NA,Calf,NA,Full Participation in Practice
2026,REG,REG,NYG,4,00-0039019,C,John Michael Schmitz,John,Schmitz,NA,NA,NA,Not injury related - personal matter,NA,Did Not Participate In Practice
2026,REG,REG,NYG,4,00-0039384,RB,Tyrone Tracy Jr.,Tyrone,Tracy,NA,NA,NA,Knee,NA,Full Participation in Practice
2026,REG,REG,NYG,4,00-0039861,S,Tyler Nubin,Tyler,Nubin,NA,NA,NA,Calf,NA,Full Participation in Practice
2026,REG,REG,NYJ,4,00-0034789,S,Minkah Fitzpatrick,Minkah,Fitzpatrick,NA,NA,NA,Groin,NA,Full Participation in Practice
2026,REG,REG,NYJ,4,00-0036842,RB,Kene Nwangwu,Kene,Nwangwu,NA,NA,NA,Back,NA,Full Participation in Practice
2026,REG,REG,NYJ,4,00-0037083,DE,Kingsley Enagbare,Kingsley,Enagbare,Knee,NA,Questionable,Knee,NA,Limited Participation in Practice
2026,REG,REG,NYJ,4,00-0037255,G,Dylan Parham,Dylan,Parham,Knee,NA,Out,Knee,NA,Did Not Participate In Practice
2026,REG,REG,NYJ,4,00-0037805,TE,Jeremy Ruckert,Jeremy,Ruckert,NA,NA,NA,Knee,NA,Full Participation in Practice
2026,REG,REG,NYJ,4,00-0038120,RB,Breece Hall,Breece,Hall,Quadricep,NA,Out,Quadricep,NA,Did Not Participate In Practice
2026,REG,REG,NYJ,4,00-0039890,WR,Adonai Mitchell,Adonai,Mitchell,Finger,NA,Out,Finger,NA,Did Not Participate In Practice
2026,REG,REG,NYJ,4,00-0040186,LB,Francisco Mauigoa,Francisco,Mauigoa,Quadricep,NA,Out,Quadricep,NA,Did Not Participate In Practice
2026,REG,REG,NYJ,4,00-0040736,TE,Mason Taylor,Mason,Taylor,Thumb,NA,Out,Thumb,NA,Did Not Participate In Practice
2026,REG,REG,NYJ,4,00-0041032,TE,Kenyon Sadiq,Kenyon,Sadiq,Back,NA,Questionable,Back,NA,Limited Participation in Practice
2026,REG,REG,PHI,4,00-0032580,CB,Jonathan Jones,Jonathan,Jones,NA,NA,NA,Quadricep,NA,Full Participation in Practice
2026,REG,REG,PHI,4,00-0034351,TE,Dallas Goedert,Dallas,Goedert,Knee,NA,Out,Knee,NA,Did Not Participate In Practice
2026,REG,REG,PHI,4,00-0034951,T,Fred Johnson,Fred,Johnson,Knee,NA,Out,Knee,NA,Did Not Participate In Practice
2026,REG,REG,PHI,4,00-0034993,S,Marcus Epps,Marcus,Epps,Groin,NA,Out,Groin,NA,Did Not Participate In Practice
2026,REG,REG,PHI,4,00-0035662,WR,Marquise Brown,Marquise,Brown,Ankle,NA,Out,Ankle,NA,Did Not Participate In Practice
2026,REG,REG,PHI,4,00-0036224,LB,Jonathan Greenard,Jonathan,Greenard,NA,NA,NA,Pectoral,NA,Full Participation in Practice
2026,REG,REG,PHI,4,00-0036418,LB,Zack Baun,Zack,Baun,Concussion,NA,Out,Concussion,NA,Did Not Participate In Practice
2026,REG,REG,PHI,4,00-0036912,WR,DeVonta Smith,DeVonta,Smith,Hamstring,NA,Out,Hamstring,NA,Did Not Participate In Practice
2026,REG,REG,PHI,4,00-0037073,DT,Jordan Davis,Jordan,Davis,NA,NA,NA,Calf,NA,Full Participation in Practice
2026,REG,REG,PHI,4,00-0038386,DT,Jalen Carter,Jalen,Carter,NA,NA,NA,Wrist,NA,Full Participation in Practice
2026,REG,REG,PHI,4,00-0038412,DT,Moro Ojomo,Moro,Ojomo,NA,NA,NA,Calf,Elbow,Full Participation in Practice
2026,REG,REG,PHI,4,00-0038555,RB,Tank Bigsby,Cantavious,Bigsby,NA,NA,NA,Abdomen,NA,Full Participation in Practice
2026,REG,REG,PHI,4,00-0038978,DT,Byron Young,Byron,Young,NA,NA,NA,Toe,NA,Full Participation in Practice
2026,REG,REG,PHI,4,00-0039746,RB,Will Shipley,William,Shipley,NA,NA,NA,Foot,NA,Full Participation in Practice
2026,REG,REG,PHI,4,00-0040024,WR,Darius Cooper,Darius,Cooper,NA,NA,NA,Knee,NA,Full Participation in Practice
2026,REG,REG,PHI,4,00-0040708,LB,Jihaad Campbell,Jihaad,Campbell,NA,NA,NA,Knee,Not injury related - resting player,Limited Participation in Practice
2026,REG,REG,PIT,4,00-0033055,CB,Jalen Ramsey,Jalen,Ramsey,Wrist,NA,Questionable,Wrist,NA,Limited Participation in Practice
2026,REG,REG,PIT,4,00-0036139,RB,Rico Dowdle,Rico,Dowdle,Toe,NA,Out,Toe,NA,Did Not Participate In Practice
2026,REG,REG,PIT,4,00-0036504,CB,Brandin Echols,Brandin,Echols,Concussion,NA,NA,Concussion,NA,Limited Participation in Practice
2026,REG,REG,PIT,4,00-0039167,CB,Joey Porter Jr.,Joey,Porter,Not injury related - other,Back,Out,Not injury related - other,Back,Limited Participation in Practice
2026,REG,REG,PIT,4,00-0040188,DT,Yahya Black,Yahya,Black,Not injury related - personal matter,NA,Questionable,NA,NA,NA
2026,REG,REG,SEA,4,00-0031933,DT,Leonard Williams,Leonard,Williams,NA,NA,NA,Not injury related - resting player,NA,Full Participation in Practice
2026,REG,REG,SEA,4,00-0032387,DT,Jarran Reed,Jarran,Reed,NA,NA,NA,Foot,NA,Full Participation in Practice
2026,REG,REG,SEA,4,00-0034974,S,Julian Love,Julian,Love,NA,NA,NA,Calf,NA,Full Participation in Practice
2026,REG,REG,SEA,4,00-0037003,LB,Chazz Surratt,Chazz,Surratt,Calf,NA,Questionable,Calf,NA,Limited Participation in Practice
2026,REG,REG,SEA,4,00-0037545,WR,Rashid Shaheed,Rashid,Shaheed,NA,NA,NA,Hip,NA,Full Participation in Practice
2026,REG,REG,SEA,4,00-0038694,DT,Brandon Pili,Brandon,Pili,NA,NA,NA,Neck,NA,Full Participation in Practice
2026,REG,REG,SEA,4,00-0038765,S,Ty Okada,Tyler,Okada,Hamstring,NA,Questionable,Hamstring,NA,Full Participation in Practice
2026,REG,REG,SEA,4,00-0039165,RB,Zach Charbonnet,Zachariah,Charbonnet,Knee,NA,Out,Knee,NA,Limited Participation in Practice
2026,REG,REG,SEA,4,00-0039299,RB,George Holani,George,Holani,NA,NA,NA,Rib,NA,Limited Participation in Practice
2026,REG,REG,SEA,4,00-0040639,G,Grey Zabel,Grey,Zabel,NA,NA,NA,Groin,NA,Full Participation in Practice
2026,REG,REG,SEA,4,00-0040733,S,Nick Emmanwori,Nicholas,Emmanwori,NA,NA,NA,Ankle,NA,Full Participation in Practice
2026,REG,REG,SEA,4,00-0041512,RB,Jadarian Price,Jadarian,Price,Chest,NA,Out,Chest,NA,Did Not Participate In Practice
2026,REG,REG,SF,4,00-0027857,T,Trent Williams,Trenton,Williams,NA,NA,NA,Not injury related - resting player,Neck,Full Participation in Practice
2026,REG,REG,SF,4,00-0031408,WR,Mike Evans,Michael,Evans,Ribs,NA,Questionable,Ribs,NA,Limited Participation in Practice
2026,REG,REG,SF,4,00-0033280,RB,Christian McCaffrey,Christian,McCaffrey,NA,NA,NA,Not injury related - resting player,NA,Full Participation in Practice
2026,REG,REG,SF,4,00-0034854,WR,KhaDarel Hodge,KhaDarel,Hodge,NA,NA,NA,Knee,NA,Did Not Participate In Practice
2026,REG,REG,SF,4,00-0034982,LB,Dre Greenlaw,Keaundre,Greenlaw,Quadricep,NA,Questionable,Quadricep,NA,Limited Participation in Practice
2026,REG,REG,SF,4,00-0035717,DE,Nick Bosa,Nicholas,Bosa,Knee,Calf,Out,Knee,Calf,Did Not Participate In Practice
2026,REG,REG,SF,4,00-0039148,DE,Keion White,Keion,White,Hamstring,NA,Questionable,Hamstring,NA,Limited Participation in Practice
2026,REG,REG,SF,4,00-0040660,DE,Mykel Williams,Mykel,Williams,Knee,NA,Out,Knee,NA,Limited Participation in Practice
2026,REG,REG,SF,4,00-0041078,LB,Jaden Dugger,Jaden,Dugger,Shoulder,NA,Questionable,Shoulder,NA,Limited Participation in Practice
2026,REG,REG,SF,4,00-0041363,DT,James Thompson Jr.,James,Thompson,Ankle,NA,Out,Ankle,NA,Did Not Participate In Practice
2026,REG,REG,SF,4,00-0041556,DE,Romello Height,Romello,Height,NA,NA,NA,Hand,NA,Limited Participation in Practice
2026,REG,REG,TB,4,00-0031957,DT,Rakeem Nunez-Roches,Rakeem,Nunez-Roches,Ankle,Foot,Questionable,Ankle,Foot,Full Participation in Practice
2026,REG,REG,TB,4,00-0032889,DT,A'Shawn Robinson,A'Shawn,Robinson,NA,NA,NA,Not injury related - resting player,NA,Full Participation in Practice
2026,REG,REG,TB,4,00-0033921,WR,Chris Godwin Jr.,Rod,Godwin,NA,NA,NA,Ankle,NA,Full Participation in Practice
2026,REG,REG,TB,4,00-0034855,QB,Baker Mayfield,Baker,Mayfield,Thumb,NA,Out,Thumb,NA,Did Not Participate In Practice
2026,REG,REG,TB,4,00-0037311,TE,Ko Kieft,Ko,Kieft,Elbow,NA,Out,Elbow,NA,Did Not Participate In Practice
2026,REG,REG,TB,4,00-0039049,LB,SirVocea Dennis,SirVocea,Dennis,Calf,NA,Questionable,Calf,NA,Limited Participation in Practice
2026,REG,REG,TB,4,00-0039068,LB,Yaya Diaby,Yaya,Diaby,NA,NA,NA,Calf,Shoulder,Full Participation in Practice
2026,REG,REG,TB,4,00-0039361,RB,Bucky Irving,Mar'Keise,Irving,NA,NA,NA,Glute,NA,Full Participation in Practice
2026,REG,REG,TB,4,00-0040143,CB,Jacob Parrish,Jacob,Parrish,Not injury related - personal matter,NA,Questionable,Not injury related - personal matter,NA,Limited Participation in Practice
2026,REG,REG,TB,4,00-0040747,CB,Benjamin Morrison,Benjamin,Morrison,Quadricep,NA,Out,Quadricep,NA,Did Not Participate In Practice
2026,REG,REG,TB,4,00-0041031,LB,Rueben Bain Jr.,Rueben,Bain,Groin,Shoulder,Out,Groin,Shoulder,Did Not Participate In Practice
2026,REG,REG,TB,4,00-0041057,CB,Keionte Scott,Keionte,Scott,NA,NA,NA,Toe,NA,Full Participation in Practice
2026,REG,REG,TB,4,00-0041079,DT,DeMonte Capehart,DeMonte,Capehart,NA,NA,NA,Thumb,NA,Full Participation in Practice
2026,REG,REG,TB,4,00-0041502,LB,Josiah Trotter,Josiah,Trotter,NA,NA,NA,Shoulder,NA,Full Participation in Practice
2026,REG,REG,TEN,4,00-0034805,DE,John Franklin-Myers,John,Franklin-Myers,NA,NA,NA,Back,NA,Full Participation in Practice
2026,REG,REG,TEN,4,00-0035261,RB,Tony Pollard,Tony,Pollard,NA,NA,NA,Foot,NA,Full Participation in Practice
2026,REG,REG,TEN,4,00-0039032,RB,Tyjae Spears,Tyjae,Spears,Ankle,NA,Questionable,Ankle,NA,Full Participation in Practice
2026,REG,REG,TEN,4,00-0040141,S,Kevin Winston Jr.,Kevin,Winston,Shoulder,NA,Questionable,Shoulder,NA,Did Not Participate In Practice
2026,REG,REG,WAS,4,00-0033082,G,Lucas Patrick,Lucas,Patrick,NA,NA,NA,Foot,NA,Full Participation in Practice
2026,REG,REG,WAS,4,00-0034302,LB,Frankie Luvu,Frank,Luvu,NA,NA,NA,Groin,NA,Limited Participation in Practice
2026,REG,REG,WAS,4,00-0035149,G,Nick Allegretti,Nick,Allegretti,NA,NA,NA,Hip,NA,Full Participation in Practice
2026,REG,REG,WAS,4,00-0035279,DE,Charles Omenihu,Charles,Omenihu,NA,NA,NA,Ankle,NA,Limited Participation in Practice
2026,REG,REG,WAS,4,00-0035659,WR,Terry McLaurin,Terry,McLaurin,Hamstring,NA,Questionable,Hamstring,NA,Limited Participation in Practice
2026,REG,REG,WAS,4,00-0036260,DT,Javon Kinlaw,Javon,Kinlaw,NA,NA,NA,Shoulder,NA,Full Participation in Practice
2026,REG,REG,WAS,4,00-0036375,CB,Amik Robertson,Amik,Robertson,NA,NA,NA,Knee,NA,Full Participation in Practice
2026,REG,REG,WAS,4,00-0036618,G,Sam Cosmi,Samuel,Cosmi,Concussion,Throat,Out,Concussion,Throat,Did Not Participate In Practice
2026,REG,REG,WAS,4,00-0037256,RB,Rachaad White,Rachaad,White,Shoulder,NA,Out,Shoulder,NA,Did Not Participate In Practice
2026,REG,REG,WAS,4,00-0037616,S,Nick Cross,Nicolas,Cross,Illness,NA,Out,Illness,NA,Did Not Participate In Practice
2026,REG,REG,WAS,4,00-0037809,TE,Chig Okonkwo,Chigoziem,Okonkwo,NA,NA,NA,Hamstring,NA,Limited Participation in Practice
2026,REG,REG,WAS,4,00-0038100,S,Percy Butler,Percy,Butler,Concussion,NA,Questionable,Concussion,NA,Full Participation in Practice
2026,REG,REG,WAS,4,00-0039149,S,Quan Martin,Jartavius,Martin,NA,NA,NA,Groin,NA,Full Participation in Practice
2026,REG,REG,WAS,4,00-0039910,QB,Jayden Daniels,Jayden,Daniels,Elbow,NA,Out,Elbow,NA,Limited Participation in Practice
2026,REG,REG,WAS,4,00-0039912,TE,Ben Sinnott,Ben,Sinnott,NA,NA,NA,Rib,NA,Limited Participation in Practice
